"MSE";"Ratio_IC";"Time_train";"Time_pred";"Method";"M"
0,189741967608354;100;18,5193562507629;0,428299903869629;"Algo";51
NA;NA;0;0,00163078308105469;"One GP";51
0,283538830690885;100;11,4562966823578;0,207756519317627;"GPFDA";51
2,4687997066095;96,6666666666667;21,2935395240784;0,276529550552368;"Algo";51
NA;NA;0;0,00140166282653809;"One GP";51
3,1504305180768;100;7,53162574768066;0,16407299041748;"GPFDA";51
1,20447924482889;90;24,072514295578;0,282893419265747;"Algo";51
NA;NA;0;0,00140643119812012;"One GP";51
9,67552225317584;100;11,4429612159729;0,163825750350952;"GPFDA";51
0,0513842362525595;100;20,6642620563507;0,352420568466187;"Algo";51
NA;NA;0;0,00143623352050781;"One GP";51
0,106420500434422;100;9,7812385559082;0,164204359054565;"GPFDA";51
0,0328622578919263;93,3333333333333;26,3526365756989;0,270984888076782;"Algo";51
NA;NA;0;0,00143837928771973;"One GP";51
0,345892901691202;100;10,8279328346252;0,16710376739502;"GPFDA";51
0,084242638669028;100;23,1321420669556;0,269119262695312;"Algo";51
NA;NA;0;0,00141668319702148;"One GP";51
0,141803062693825;100;11,4416811466217;0,172083854675293;"GPFDA";51
0,273809694755628;100;17,9502229690552;0,27202033996582;"Algo";51
NA;NA;0;0,00146007537841797;"One GP";51
0,309340699373042;100;12,1576504707336;0,162819385528564;"GPFDA";51
0,0423860056843605;100;25,4091417789459;0,258073806762695;"Algo";51
NA;NA;0;0,00146794319152832;"One GP";51
0,0426171731656626;100;11,3489120006561;0,196914434432983;"GPFDA";51
0,677251069582901;86,6666666666667;49,1540150642395;0,330296039581299;"Algo";51
NA;NA;0;0,00141644477844238;"One GP";51
1,28279250079928;100;8,34422898292542;0,244174957275391;"GPFDA";51
0,860363583506605;76,6666666666667;19,3820838928223;0,264705419540405;"Algo";51
NA;NA;0;0,00139904022216797;"One GP";51
1,52693635765478;100;12,3903913497925;0,190679788589478;"GPFDA";51
0,0538479362792896;100;38,1168088912964;0,255861043930054;"Algo";51
NA;NA;0;0,00140476226806641;"One GP";51
9,52847354048675;90;10,7604975700378;0,172246217727661;"GPFDA";51
0,0951499109054877;96,6666666666667;20,7672290802002;0,270037889480591;"Algo";51
NA;NA;0;0,00142621994018555;"One GP";51
1,12859896344844;100;12,8106224536896;0,173369407653809;"GPFDA";51
0,337884863030012;100;21,8751013278961;0,274102687835693;"Algo";51
NA;NA;0;0,00143766403198242;"One GP";51
0,635523002996948;100;7,91064763069153;0,167162418365479;"GPFDA";51
0,516383648567142;100;17,7140727043152;0,382760047912598;"Algo";51
NA;NA;0;0,00173282623291016;"One GP";51
1,18843864964603;100;13,3511610031128;0,193537712097168;"GPFDA";51
0,208978161228493;100;19,687616109848;0,306196451187134;"Algo";51
NA;NA;0;0,00143551826477051;"One GP";51
0,754194572144095;100;7,74539589881897;0,169852018356323;"GPFDA";51
0,711223764614646;100;19,0676243305206;0,256970882415771;"Algo";51
NA;NA;0;0,00142574310302734;"One GP";51
0,811225978518946;100;11,2765352725983;0,191754341125488;"GPFDA";51
0,507638456493984;96,6666666666667;18,5300817489624;0,262612819671631;"Algo";51
NA;NA;0;0,00140070915222168;"One GP";51
0,860466696095412;100;14,7851042747498;0,188827037811279;"GPFDA";51
0,0418881250229683;100;20,9907791614532;0,256470203399658;"Algo";51
NA;NA;0;0,00140905380249023;"One GP";51
0,356889351722645;100;12,2637917995453;0,16603422164917;"GPFDA";51
0,578037704226113;96,6666666666667;45,1333854198456;0,385987997055054;"Algo";51
NA;NA;0;0,0014350414276123;"One GP";51
2,05079840948683;100;12,5431113243103;0,16895055770874;"GPFDA";51
1,18963872995973;100;25,0776114463806;0,274811506271362;"Algo";51
NA;NA;0;0,00141549110412598;"One GP";51
1,46915328316684;100;11,9506084918976;0,174446105957031;"GPFDA";51
0,0806205406537841;93,3333333333333;21,3759016990662;0,272541522979736;"Algo";51
NA;NA;0;0,00146055221557617;"One GP";51
0,02288642699617;100;10,9342634677887;0,175520896911621;"GPFDA";51
0,715793452631678;90;24,799932718277;0,273095846176147;"Algo";51
NA;NA;0;0,00141072273254395;"One GP";51
1,98188612999998;100;9,94655680656433;0,178960084915161;"GPFDA";51
1,05212779132586;90;29,420583486557;0,255863666534424;"Algo";51
NA;NA;0;0,00142788887023926;"One GP";51
1,30765010384202;100;12,4038698673248;0,188263654708862;"GPFDA";51
0,48521744830956;100;19,8607037067413;0,255560874938965;"Algo";51
NA;NA;0;0,0014045238494873;"One GP";51
0,412294346761053;100;12,4390687942505;0,248566627502441;"GPFDA";51
0,928004280236366;100;21,0148386955261;0,327172994613647;"Algo";51
NA;NA;0;0,00141787528991699;"One GP";51
0,716431357876503;100;7,3451554775238;0,177772998809814;"GPFDA";51
0,097948959393866;96,6666666666667;19,1532790660858;0,266074419021606;"Algo";51
NA;NA;0;0,00139760971069336;"One GP";51
0,104855289441251;100;10,7791309356689;0,168941736221313;"GPFDA";51
0,251033352541065;93,3333333333333;18,197514295578;0,276826858520508;"Algo";51
NA;NA;0;0,00139403343200684;"One GP";51
0,265538790399179;100;11,5873198509216;0,171574592590332;"GPFDA";51
0,745967481474071;100;19,9583899974823;0,282321929931641;"Algo";51
NA;NA;0;0,0014338493347168;"One GP";51
1,26894225663746;100;12,7862930297852;0,169338941574097;"GPFDA";51
1,00468773191808;66,6666666666667;18,161928653717;0,273388624191284;"Algo";51
NA;NA;0;0,00139355659484863;"One GP";51
2,77352530964637;100;11,8107373714447;0,176139354705811;"GPFDA";51
0,0526162466187247;100;23,7591395378113;0,3409583568573;"Algo";51
NA;NA;0;0,0015873908996582;"One GP";51
0,13072991479124;100;10,86541056633;0,173006772994995;"GPFDA";51
2,38851809175973;100;19,7535610198975;0,255591154098511;"Algo";51
NA;NA;0;0,00139737129211426;"One GP";51
16,5434233182633;100;11,4195799827576;0,19271183013916;"GPFDA";51
0,272642016491248;100;23,0841982364655;0,256190299987793;"Algo";51
NA;NA;0;0,00140190124511719;"One GP";51
0,490294417525135;100;6,57916283607483;0,188980102539062;"GPFDA";51
0,485938941906307;100;31,3702557086945;0,25664758682251;"Algo";51
NA;NA;0;0,0014030933380127;"One GP";51
4,27239783674483;100;7,99756789207458;0,174864768981934;"GPFDA";51
1,14787433868411;93,3333333333333;19,9686300754547;0,79810094833374;"Algo";51
NA;NA;0;0,00140905380249023;"One GP";51
1,59058724942226;100;7,40190124511719;0,163064002990723;"GPFDA";51
0,142339854913976;100;17,8333582878113;0,27810263633728;"Algo";51
NA;NA;0;0,00147128105163574;"One GP";51
0,282019382651806;100;8,81802868843079;0,181267976760864;"GPFDA";51
1,60131520083478;66,6666666666667;18,3394675254822;0,371740341186523;"Algo";51
NA;NA;0;0,00158357620239258;"One GP";51
0,379956220507556;100;11,49857878685;0,18337869644165;"GPFDA";51
0,0476957787432711;100;25,9470047950745;0,259909391403198;"Algo";51
NA;NA;0;0,00139546394348145;"One GP";51
2,44065144281249;100;11,8536221981049;0,190539360046387;"GPFDA";51
0,457088370837778;33,3333333333333;42,1221432685852;0,254460334777832;"Algo";51
NA;NA;0;0,00139641761779785;"One GP";51
0,354449979188467;100;12,7770566940308;0,185147047042847;"GPFDA";51
0,255635186396521;100;25,1717824935913;0,261243104934692;"Algo";51
NA;NA;0;0,00140929222106934;"One GP";51
1,2362731896085;100;11,7819864749908;0,18568754196167;"GPFDA";51
1,75106649719301;100;18,1396126747131;0,265855073928833;"Algo";51
NA;NA;0;0,0014035701751709;"One GP";51
2,04573281385445;100;6,67764163017273;0,16307520866394;"GPFDA";51
0,948622638864862;100;18,9893395900726;0,267982482910156;"Algo";51
NA;NA;0;0,00141143798828125;"One GP";51
0,844102977400633;100;11,6231665611267;0,176553249359131;"GPFDA";51
0,0112527690444995;100;34,7670357227325;0,265023231506348;"Algo";51
NA;NA;0;0,00138545036315918;"One GP";51
14,6611662238084;10;8,16503739356995;0,163259983062744;"GPFDA";51
3,49620868002688;96,6666666666667;18,2717826366425;0,254207611083984;"Algo";51
NA;NA;0;0,0013887882232666;"One GP";51
5,98380468744427;100;12,2836654186249;0,184106111526489;"GPFDA";51
0,432197115950148;100;17,9686527252197;0,39128589630127;"Algo";51
NA;NA;0;0,00142693519592285;"One GP";51
0,466943592631193;100;7,34546446800232;0,179774522781372;"GPFDA";51
0,867699559986508;96,6666666666667;19,2911245822906;0,263879776000977;"Algo";51
NA;NA;0;0,00141310691833496;"One GP";51
1,07590395874257;100;8,66007900238037;0,166288137435913;"GPFDA";51
0,172877592098991;96,6666666666667;18,6915621757507;0,263990640640259;"Algo";51
NA;NA;0;0,00138640403747559;"One GP";51
0,248803276845165;100;12,5852026939392;0,17272424697876;"GPFDA";51
0,0683662082382573;100;22,3106572628021;0,27467679977417;"Algo";51
NA;NA;0;0,00138998031616211;"One GP";51
0,474514846585032;100;11,0664346218109;0,171142816543579;"GPFDA";51
0,151590963762745;93,3333333333333;22,9363279342651;0,264705657958984;"Algo";51
NA;NA;0;0,0014500617980957;"One GP";51
0,378338700320268;100;11,0084023475647;0,176134824752808;"GPFDA";51
0,775334668513723;96,6666666666667;17,1690239906311;0,278947353363037;"Algo";51
NA;NA;0;0,0014188289642334;"One GP";51
0,627600394759762;100;12,1223154067993;0,180207014083862;"GPFDA";51
1,4036319180238;100;21,3565771579742;0,289250373840332;"Algo";51
NA;NA;0;0,00141572952270508;"One GP";51
0,88093380987009;100;6,95450377464294;0,174784421920776;"GPFDA";51
0,335671410715792;100;21,1356267929077;0,253334283828735;"Algo";51
NA;NA;0;0,00138044357299805;"One GP";51
1,18148647096216;100;15,5915079116821;0,170958518981934;"GPFDA";51
0,0469426252811414;100;19,0656614303589;0,264367341995239;"Algo";51
NA;NA;0;0,00138020515441895;"One GP";51
0,0852586171528999;100;11,6164700984955;0,170691013336182;"GPFDA";51
0,168699423082536;100;19,2219195365906;0,266085386276245;"Algo";51
NA;NA;0;0,00138306617736816;"One GP";51
2,83766687461519;100;10,7390747070312;0,171898603439331;"GPFDA";51
0,311149614369478;100;17,3830528259277;0,262907028198242;"Algo";51
NA;NA;0;0,00139665603637695;"One GP";51
0,615211212136825;100;13,0783030986786;0,180672168731689;"GPFDA";51
0,128512234686214;96,6666666666667;21,684380531311;0,25479531288147;"Algo";51
NA;NA;0;0,00139737129211426;"One GP";51
0,462840904416896;100;12,3100411891937;0,178200244903564;"GPFDA";51
0,0483662399125497;100;25,3104791641235;0,26280689239502;"Algo";51
NA;NA;0;0,00143623352050781;"One GP";51
0,232216160983008;100;12,8575487136841;0,171743154525757;"GPFDA";51
0,0530563643394532;96,6666666666667;20,4242942333221;0,2649827003479;"Algo";51
NA;NA;0;0,00138187408447266;"One GP";51
1,27773242452103;100;11,4924507141113;0,166560411453247;"GPFDA";51
0,096765484512063;100;24,111718416214;0,282863616943359;"Algo";51
NA;NA;0;0,00144195556640625;"One GP";51
0,14743434409158;100;11,6765167713165;0,174624681472778;"GPFDA";51
0,304320550955493;100;22,0164813995361;0,686356782913208;"Algo";51
NA;NA;0;0,00172567367553711;"One GP";51
1,02075891433448;100;7,32779598236084;0,204360246658325;"GPFDA";51
0,292447151699714;90;19,1297478675842;0,289380073547363;"Algo";51
NA;NA;0;0,0014188289642334;"One GP";51
0,388563188007653;100;11,3419201374054;0,164706707000732;"GPFDA";51
1,14262001343013;100;23,4926865100861;0,264031648635864;"Algo";51
NA;NA;0;0,0014030933380127;"One GP";51
0,701870310045289;100;14,2999079227448;0,188476324081421;"GPFDA";51
0,156308048095274;100;20,7310998439789;0,253666877746582;"Algo";51
NA;NA;0;0,00139117240905762;"One GP";51
4,8524190923146;100;12,0104560852051;0,181264638900757;"GPFDA";51
0,22640149937369;100;21,2225692272186;0,254272222518921;"Algo";51
NA;NA;0;0,00140142440795898;"One GP";51
0,192165120344504;100;12,4423217773438;0,163557529449463;"GPFDA";51
0,0452223147129582;96,6666666666667;34,8775451183319;0,381196737289429;"Algo";51
NA;NA;0;0,00142574310302734;"One GP";51
0,109361832138391;100;12,5707092285156;0,174751281738281;"GPFDA";51
1,47445734609916;86,6666666666667;18,209454536438;0,267502546310425;"Algo";51
NA;NA;0;0,00139403343200684;"One GP";51
2,01149542974667;100;10,8957641124725;0,163917541503906;"GPFDA";51
4,68826087490184;63,3333333333333;24,2593960762024;0,267210483551025;"Algo";51
NA;NA;0;0,00178146362304688;"One GP";51
3,993228887317;100;16,8758578300476;0,178350210189819;"GPFDA";51
0,052986432653925;100;25,2877299785614;0,253861904144287;"Algo";51
NA;NA;0;0,00141406059265137;"One GP";51
1,03537230794026;100;11,9587965011597;0,180931806564331;"GPFDA";51
0,0706048912337964;76,6666666666667;21,003547668457;0,261374711990356;"Algo";51
NA;NA;0;0,00142288208007812;"One GP";51
0,186801523764928;100;6,20696377754211;0,16911792755127;"GPFDA";51
0,0798863780559647;80;48,1075708866119;0,267207622528076;"Algo";51
NA;NA;0;0,00140595436096191;"One GP";51
0,364303349141866;100;12,9656698703766;0,166066884994507;"GPFDA";51
0,0799230177031425;100;20,4281268119812;0,277834177017212;"Algo";51
NA;NA;0;0,00141572952270508;"One GP";51
0,140405742080183;100;8,1255955696106;0,162361621856689;"GPFDA";51
0,0550479611070565;100;21,1278915405273;0,267218351364136;"Algo";51
NA;NA;0;0,00139284133911133;"One GP";51
1,9285161567152;100;11,6567046642303;0,168775320053101;"GPFDA";51
0,264257524703607;73,3333333333333;23,7057104110718;0,261977910995483;"Algo";51
NA;NA;0;0,00144720077514648;"One GP";51
0,190393890670423;100;5,10403871536255;0,179575681686401;"GPFDA";51
0,684652093240679;100;17,8497183322906;0,253046274185181;"Algo";51
NA;NA;0;0,00139570236206055;"One GP";51
1,45494000675647;100;11,2942383289337;0,181159734725952;"GPFDA";51
0,177893431208641;93,3333333333333;20,4634230136871;0,262854337692261;"Algo";51
NA;NA;0;0,00150561332702637;"One GP";51
0,15329210919222;100;11,6320052146912;0,164585828781128;"GPFDA";51
0,0655980767330488;100;25,4937994480133;0,271594047546387;"Algo";51
NA;NA;0;0,00140142440795898;"One GP";51
0,237839231764999;100;11,2053470611572;0,174381494522095;"GPFDA";51
5,48129533927022;66,6666666666667;19,0415170192719;0,276003837585449;"Algo";51
NA;NA;0;0,0014035701751709;"One GP";51
3,74485438961088;100;11,4251744747162;0,167807102203369;"GPFDA";51
0,367753048878435;100;23,8587737083435;0,265840530395508;"Algo";51
NA;NA;0;0,00138545036315918;"One GP";51
0,491905340831971;100;7,59731554985046;0,172649621963501;"GPFDA";51
0,10901135230981;96,6666666666667;22,8320877552032;0,252707242965698;"Algo";51
NA;NA;0;0,00138521194458008;"One GP";51
0,108050070866322;100;9,94795870780945;0,176153898239136;"GPFDA";51
2,19829848920193;100;20,6056916713715;0,25316309928894;"Algo";51
NA;NA;0;0,00142908096313477;"One GP";51
2,77755907519566;100;5,68092513084412;0,188169240951538;"GPFDA";51
0,679946793790878;100;107,219046115875;0,359605550765991;"Algo";51
NA;NA;0;0,0014045238494873;"One GP";51
0,996848947588472;100;9,87079215049744;0,169390201568604;"GPFDA";51
1,36400056804241;60;18,1391093730927;0,274486541748047;"Algo";51
NA;NA;0;0,00141024589538574;"One GP";51
0,920169558331872;100;7,64913368225098;0,174317598342896;"GPFDA";51
0,0915066525109787;100;20,1740159988403;0,354998111724854;"Algo";51
NA;NA;0;0,00164389610290527;"One GP";51
2,62565650245236;100;12,5228760242462;0,18914008140564;"GPFDA";51
0,120061546975548;86,6666666666667;22,7632195949554;0,291189908981323;"Algo";51
NA;NA;0;0,0014345645904541;"One GP";51
0,216230823410208;100;12,3916926383972;0,163857460021973;"GPFDA";51
1,43006515124367;100;25,2136664390564;0,255237817764282;"Algo";51
NA;NA;0;0,00141024589538574;"One GP";51
2,18917661352513;100;12,3531634807587;0,185538768768311;"GPFDA";51
0,881408363422016;100;21,569230556488;0,296396732330322;"Algo";51
NA;NA;0;0,00142645835876465;"One GP";51
0,521631819079243;100;7,52473759651184;0,180525064468384;"GPFDA";51
0,0880614080931347;100;21,6062490940094;0,253478050231934;"Algo";51
NA;NA;0;0,00139713287353516;"One GP";51
0,46192310479371;100;10,7834630012512;0,174736261367798;"GPFDA";51
0,0933078067120744;100;21,4626994132996;0,268264532089233;"Algo";51
NA;NA;0;0,00138950347900391;"One GP";51
1,54834183801996;100;11,8560485839844;0,16386604309082;"GPFDA";51
0,150989608158818;100;17,2973480224609;0,268732070922852;"Algo";51
NA;NA;0;0,00139379501342773;"One GP";51
0,0934147674020848;100;12,4834835529327;0,171905040740967;"GPFDA";51
0,938247696250259;100;17,6052651405334;0,270522594451904;"Algo";51
NA;NA;0;0,0014030933380127;"One GP";51
4,04362658421411;100;7,20689558982849;0,167948484420776;"GPFDA";51
0,0366509960950045;100;44,3026497364044;0,253811120986938;"Algo";51
NA;NA;0;0,00139141082763672;"One GP";51
0,838656188253422;100;12,3061389923096;0,186357498168945;"GPFDA";51
0,184101163849161;100;17,8548316955566;0,458368539810181;"Algo";51
NA;NA;0;0,00139260292053223;"One GP";51
0,626319416635551;100;11,7059407234192;0,163451433181763;"GPFDA";51
1,2244244023076;93,3333333333333;23,1495378017426;0,264297008514404;"Algo";51
NA;NA;0;0,00140595436096191;"One GP";51
0,976852976223018;100;7,3825798034668;0,165968656539917;"GPFDA";51
0,818936614744472;96,6666666666667;19,0071043968201;0,26888632774353;"Algo";51
NA;NA;0;0,00139594078063965;"One GP";51
3,83205082341403;100;11,5579092502594;0,170658588409424;"GPFDA";51
0,188988593887443;93,3333333333333;44,2908658981323;0,282055616378784;"Algo";51
NA;NA;0;0,00140023231506348;"One GP";51
3,26256640769911;100;13,4672873020172;0,16997504234314;"GPFDA";51
0,82557387098289;96,6666666666667;18,5090053081512;0,253914833068848;"Algo";51
NA;NA;0;0,00144290924072266;"One GP";51
0,856439000247556;100;14,5152807235718;0,272190809249878;"GPFDA";51
0,493745847099021;100;18,1018216609955;0,270426034927368;"Algo";51
NA;NA;0;0,00142288208007812;"One GP";51
4,03095077734272;100;11,5841410160065;0,181043386459351;"GPFDA";51
1,34890181669636;66,6666666666667;21,2764163017273;0,253874063491821;"Algo";51
NA;NA;0;0,00139927864074707;"One GP";51
0,912543071714968;100;14,0456583499908;0,178870677947998;"GPFDA";51
3,53862668480184;63,3333333333333;21,0184588432312;0,268213987350464;"Algo";51
NA;NA;0;0,00139975547790527;"One GP";51
3,34149638705237;100;6,49171876907349;0,168751001358032;"GPFDA";51
0,0411889184060311;100;22,3272480964661;0,277167081832886;"Algo";51
NA;NA;0;0,00137710571289062;"One GP";51
0,236365300695093;100;6,14185643196106;0,16523551940918;"GPFDA";51
0,00665597317600315;100;48,066349029541;0,268895387649536;"Algo";51
NA;NA;0;0,00138974189758301;"One GP";51
0,159540213254622;100;6,6785135269165;0,170719385147095;"GPFDA";51
0,059764492158106;86,6666666666667;36,2481076717377;0,541023731231689;"Algo";101
NA;NA;0;0,00139951705932617;"One GP";101
0,17236068507186;100;16,6600263118744;0,336295366287231;"GPFDA";101
0,167593360403055;83,3333333333333;35,1301476955414;0,517203807830811;"Algo";101
NA;NA;0;0,00139236450195312;"One GP";101
0,21774360817657;100;18,3788375854492;0,339684724807739;"GPFDA";101
0,208872339870709;100;45,8921551704407;0,660102128982544;"Algo";101
NA;NA;0;0,00146102905273438;"One GP";101
0,955220240111881;100;15,8084919452667;0,352881193161011;"GPFDA";101
0,227881257912225;100;35,9166467189789;0,535751104354858;"Algo";101
NA;NA;0;0,00159025192260742;"One GP";101
1,18618916743097;100;26,7042932510376;0,388540029525757;"GPFDA";101
0,0915812056681523;96,6666666666667;37,6407153606415;0,562198400497437;"Algo";101
NA;NA;0;0,0014650821685791;"One GP";101
4,50876847861617;100;15,4916214942932;0,307942867279053;"GPFDA";101
0,216104974274531;100;46,7584633827209;0,673887014389038;"Algo";101
NA;NA;0;0,00141429901123047;"One GP";101
0,813777413666611;100;15,6144042015076;0,322176456451416;"GPFDA";101
0,0381249515893799;96,6666666666667;44,0917906761169;0,525919198989868;"Algo";101
NA;NA;0;0,00139451026916504;"One GP";101
0,67668423117394;100;21,5504751205444;0,307458639144897;"GPFDA";101
0,572134943778012;100;42,2241191864014;0,529778957366943;"Algo";101
NA;NA;0;0,00139760971069336;"One GP";101
0,874003052778899;100;20,5151443481445;0,318731546401978;"GPFDA";101
0,0806857347628637;76,6666666666667;45,1898972988129;0,568208694458008;"Algo";101
NA;NA;0;0,00140237808227539;"One GP";101
8,88993340572637;53,3333333333333;32,8086776733398;0,314011573791504;"GPFDA";101
0,0493060520973968;96,6666666666667;35,0868654251099;0,528748512268066;"Algo";101
NA;NA;0;0,00140285491943359;"One GP";101
2,31535436115138;100;24,3117005825043;0,326961994171143;"GPFDA";101
0,614421261381396;90;36,6451675891876;0,528799533843994;"Algo";101
NA;NA;0;0,00139260292053223;"One GP";101
3,79871715649109;100;18,3403327465057;0,345790147781372;"GPFDA";101
0,692348251108247;73,3333333333333;42,1185693740845;0,52737021446228;"Algo";101
NA;NA;0;0,00141763687133789;"One GP";101
1,00065199956499;100;23,0205516815186;0,332301139831543;"GPFDA";101
0,0925106535032489;96,6666666666667;36,9933905601501;0,526634454727173;"Algo";101
NA;NA;0;0,0013887882232666;"One GP";101
0,842838692095032;100;13,826292514801;0,3039710521698;"GPFDA";101
0,0877553309055949;100;37,4548189640045;0,619395971298218;"Algo";101
NA;NA;0;0,00142693519592285;"One GP";101
0,406180900156598;100;15,0220284461975;0,31730842590332;"GPFDA";101
0,122125559927084;96,6666666666667;43,3364491462708;0,530426025390625;"Algo";101
NA;NA;0;0,00139427185058594;"One GP";101
0,191931819657567;100;23,9885511398315;0,519018888473511;"GPFDA";101
0,683628679276107;100;46,8349645137787;0,578654527664185;"Algo";101
NA;NA;0;0,00145077705383301;"One GP";101
0,730101715161059;100;15,7962164878845;0,393678188323975;"GPFDA";101
0,152901564076853;96,6666666666667;38,4872155189514;0,628813028335571;"Algo";101
NA;NA;0;0,00145673751831055;"One GP";101
0,0865577800615251;100;24,8521430492401;0,335914611816406;"GPFDA";101
0,689300933112461;100;34,8769764900208;0,520368576049805;"Algo";101
NA;NA;0;0,00140810012817383;"One GP";101
0,793675653484979;100;24,4866962432861;0,311722755432129;"GPFDA";101
0,211781054781326;70;34,9384608268738;0,764932155609131;"Algo";101
NA;NA;0;0,00169062614440918;"One GP";101
0,350318091183324;100;24,6325445175171;0,396179676055908;"GPFDA";101
0,0171423103653179;100;45,3673107624054;0,535559415817261;"Algo";101
NA;NA;0;0,00139617919921875;"One GP";101
64,5733406810554;33,3333333333333;25,6199743747711;0,312939167022705;"GPFDA";101
0,202114847793675;100;35,6261880397797;0,532541275024414;"Algo";101
NA;NA;0;0,00141263008117676;"One GP";101
2,10682395068717;100;39,3647718429565;0,325649738311768;"GPFDA";101
0,544080022332185;56,6666666666667;35,2257685661316;0,626758813858032;"Algo";101
NA;NA;0;0,00145816802978516;"One GP";101
0,303062814595674;100;15,4869296550751;0,322282791137695;"GPFDA";101
0,773606505987555;90;62,1378574371338;0,515821933746338;"Algo";101
NA;NA;0;0,0112650394439697;"One GP";101
0,769199786712963;100;25,0469167232513;0,306333303451538;"GPFDA";101
0,0493689489999908;100;48,6344246864319;0,531424045562744;"Algo";101
NA;NA;0;0,00139141082763672;"One GP";101
0,171613548971966;100;21,9886050224304;0,321366548538208;"GPFDA";101
0,627721581794826;96,6666666666667;35,3184864521027;0,530933380126953;"Algo";101
NA;NA;0;0,00139784812927246;"One GP";101
0,598989637138914;100;24,6839845180511;0,301225900650024;"GPFDA";101
0,176740325297972;100;34,9416735172272;0,533202886581421;"Algo";101
NA;NA;0;0,0013890266418457;"One GP";101
0,209832407533419;100;27,4949479103088;0,333205461502075;"GPFDA";101
3,01150912614641;73,3333333333333;51,7116477489471;0,530796527862549;"Algo";101
NA;NA;0;0,00140380859375;"One GP";101
6,98007009317897;100;37,6966547966003;0,367855072021484;"GPFDA";101
0,0766742344958948;96,6666666666667;37,7782337665558;0,529704809188843;"Algo";101
NA;NA;0;0,00141048431396484;"One GP";101
0,187571992804949;100;12,7297682762146;0,323691129684448;"GPFDA";101
0,120108504916872;100;65,0764436721802;0,530343294143677;"Algo";101
NA;NA;0;0,00141119956970215;"One GP";101
0,145113015869667;100;23,9580175876617;0,31825065612793;"GPFDA";101
0,331158318720928;76,6666666666667;50,3461008071899;0,75468921661377;"Algo";101
NA;NA;0;0,001434326171875;"One GP";101
3,07157718385111;100;23,0872609615326;0,318218946456909;"GPFDA";101
0,023117262717757;100;42,0478262901306;0,689914703369141;"Algo";101
NA;NA;0;0,00182795524597168;"One GP";101
0,106573945678922;100;25,7964804172516;0,465281963348389;"GPFDA";101
0,115707732928639;96,6666666666667;37,4144766330719;0,568374156951904;"Algo";101
NA;NA;0;0,00147891044616699;"One GP";101
0,0388748859518755;100;23,9097371101379;0,371318578720093;"GPFDA";101
0,27050794132787;100;34,9519205093384;0,53463339805603;"Algo";101
NA;NA;0;0,00138568878173828;"One GP";101
5,76798227142126;100;25,0824339389801;0,323385000228882;"GPFDA";101
0,0921974614108167;86,6666666666667;36,891548871994;0,527824401855469;"Algo";101
NA;NA;0;0,00141406059265137;"One GP";101
2,84021484087908;100;23,5574855804443;0,313906669616699;"GPFDA";101
0,0239671407514386;96,6666666666667;38,2687525749207;0,774470090866089;"Algo";101
NA;NA;0;0,00141787528991699;"One GP";101
0,407143929135037;100;24,3541054725647;0,326143980026245;"GPFDA";101
0,192142387212501;100;37,9738652706146;0,5310959815979;"Algo";101
NA;NA;0;0,00139522552490234;"One GP";101
0,269721849880115;100;25,2896966934204;0,302172899246216;"GPFDA";101
1,58530603976078;60;36,2707464694977;0,536313772201538;"Algo";101
NA;NA;0;0,00140857696533203;"One GP";101
1,64366364349429;100;18,8863260746002;0,320279359817505;"GPFDA";101
0,0272497362066173;100;44,7314012050629;0,647668838500977;"Algo";101
NA;NA;0;0,00141787528991699;"One GP";101
0,0841639850151822;100;28,3496160507202;0,303986787796021;"GPFDA";101
0,798097919649282;93,3333333333333;39,2033350467682;0,53436541557312;"Algo";101
NA;NA;0;0,00147032737731934;"One GP";101
1,59242224256237;100;13,0879790782928;0,317066192626953;"GPFDA";101
0,0983665378116398;83,3333333333333;38,2761714458466;0,529098510742188;"Algo";101
NA;NA;0;0,00143003463745117;"One GP";101
0,149547589049765;100;22,6078863143921;0,336588144302368;"GPFDA";101
0,0508144615673818;100;38,0162086486816;0,554373264312744;"Algo";101
NA;NA;0;0,00173711776733398;"One GP";101
0,448871478061761;100;29,3966679573059;0,311789274215698;"GPFDA";101
0,0528612401680068;90;52,3966257572174;0,529701709747314;"Algo";101
NA;NA;0;0,00140547752380371;"One GP";101
0,485065966753571;100;23,4989354610443;0,33480167388916;"GPFDA";101
0,26630949032188;100;51,8378236293793;0,663878440856934;"Algo";101
NA;NA;0;0,0015559196472168;"One GP";101
1,42392540005979;100;20,5260162353516;0,341743230819702;"GPFDA";101
0,183794138326614;100;66,7549786567688;0,540554523468018;"Algo";101
NA;NA;0;0,00148296356201172;"One GP";101
0,232533922280047;100;24,4219155311584;0,414615392684937;"GPFDA";101
0,0407392605323284;90;39,0945386886597;0,551109075546265;"Algo";101
NA;NA;0;0,00148653984069824;"One GP";101
0,223189906044412;100;25,9836840629578;0,315932989120483;"GPFDA";101
0,169275073723455;93,3333333333333;35,4083559513092;1,06982111930847;"Algo";101
NA;NA;0;0,00153279304504395;"One GP";101
0,0608876029587604;100;23,6523270606995;0,315743446350098;"GPFDA";101
0,0482493192641693;100;42,0447716712952;0,525997877120972;"Algo";101
NA;NA;0;0,0013890266418457;"One GP";101
0,598618911506049;100;14,0183956623077;0,300477027893066;"GPFDA";101
0,0661246715382907;100;33,5096235275269;0,542199611663818;"Algo";101
NA;NA;0;0,00141358375549316;"One GP";101
0,565532954465746;100;23,5564062595367;0,317496299743652;"GPFDA";101
0,910024955154133;90;40,8497223854065;0,525310277938843;"Algo";101
NA;NA;0;0,00140905380249023;"One GP";101
0,977134110759941;100;18,8967790603638;0,323321104049683;"GPFDA";101
0,510855104336684;100;44,0994548797607;0,52438497543335;"Algo";101
NA;NA;0;0,0013883113861084;"One GP";101
1,22358031129318;100;24,267627954483;0,300298690795898;"GPFDA";101
0,380376595014082;100;52,1091039180756;0,596972227096558;"Algo";101
NA;NA;0;0,00141382217407227;"One GP";101
0,546493008905578;100;16,4075262546539;0,32152271270752;"GPFDA";101
0,00794659765793758;100;75,1847069263458;0,524593591690063;"Algo";101
NA;NA;0;0,00142121315002441;"One GP";101
2,81129402076847;86,6666666666667;33,5695581436157;0,315502882003784;"GPFDA";101
0,0385654921984023;96,6666666666667;44,9958033561707;0,526572942733765;"Algo";101
NA;NA;0;0,00140023231506348;"One GP";101
0,636244413490599;100;28,0346765518188;0,324812650680542;"GPFDA";101
0,260979322480252;73,3333333333333;40,559371471405;0,543803453445435;"Algo";101
NA;NA;0;0,00139570236206055;"One GP";101
2,68178250169401;100;35,6040260791779;0,303888082504272;"GPFDA";101
0,0519095213688522;100;37,711656332016;0,52606201171875;"Algo";101
NA;NA;0;0,00142955780029297;"One GP";101
0,935450577970699;100;22,8184955120087;0,323643684387207;"GPFDA";101
0,408895863879523;96,6666666666667;36,4280836582184;0,533000230789185;"Algo";101
NA;NA;0;0,00141143798828125;"One GP";101
2,07954529175382;100;29,7353479862213;0,311985015869141;"GPFDA";101
0,0124699679110346;100;37,869047164917;0,638790130615234;"Algo";101
NA;NA;0;0,00141429901123047;"One GP";101
0,431529088725402;100;25,2696127891541;0,334138631820679;"GPFDA";101
0,0171288083908377;100;39,7922587394714;0,627772808074951;"Algo";101
NA;NA;0;0,00171375274658203;"One GP";101
6,61997427082602;86,6666666666667;27,0335936546326;0,345982789993286;"GPFDA";101
0,277665535506954;100;38,5855362415314;0,660683631896973;"Algo";101
NA;NA;0;0,00140118598937988;"One GP";101
5,15446136847538;100;26,6320860385895;0,315175771713257;"GPFDA";101
0,0239786894345095;93,3333333333333;48,5032870769501;0,518179893493652;"Algo";101
NA;NA;0;0,00140094757080078;"One GP";101
0,221776147564873;100;24,9466192722321;0,330455541610718;"GPFDA";101
0,0189612065784448;96,6666666666667;45,4287393093109;0,5689377784729;"Algo";101
NA;NA;0;0,00144267082214355;"One GP";101
1,48449299532766;100;14,4445447921753;0,354154109954834;"GPFDA";101
0,21533245645841;100;48,662525177002;0,607730388641357;"Algo";101
NA;NA;0;0,00140666961669922;"One GP";101
1,45088166037344;100;15,0407609939575;0,322096586227417;"GPFDA";101
0,0314787611564522;96,6666666666667;55,2267899513245;0,530805587768555;"Algo";101
NA;NA;0;0,0014338493347168;"One GP";101
0,00332691459966751;100;22,751672744751;0,308047533035278;"GPFDA";101
0,0382273179744751;86,6666666666667;46,3304705619812;0,527994632720947;"Algo";101
NA;NA;0;0,00139904022216797;"One GP";101
0,505213297067896;100;23,5992703437805;0,317708492279053;"GPFDA";101
1,58403468912325;73,3333333333333;41,9822790622711;0,530985355377197;"Algo";101
NA;NA;0;0,00140929222106934;"One GP";101
0,84054077782291;100;28,586630821228;0,306918621063232;"GPFDA";101
0,0997020646055162;90;42,1746695041656;0,52857232093811;"Algo";101
NA;NA;0;0,00152683258056641;"One GP";101
0,0862897921817283;100;25,4882192611694;0,332383632659912;"GPFDA";101
0,237981201569296;100;36,5891296863556;0,600680351257324;"Algo";101
NA;NA;0;0,00144648551940918;"One GP";101
1,77094321709515;100;22,934859752655;0,319807291030884;"GPFDA";101
0,813373851261936;100;37,4621887207031;0,528505086898804;"Algo";101
NA;NA;0;0,00144314765930176;"One GP";101
0,802459581162912;100;22,7136583328247;0,306108951568604;"GPFDA";101
0,0228571352020216;100;97,4767558574677;0,530733346939087;"Algo";101
NA;NA;0;0,00140023231506348;"One GP";101
0,960500842613526;100;15,0426917076111;0,317811489105225;"GPFDA";101
0,227025745788661;100;42,6789829730988;0,644338607788086;"Algo";101
NA;NA;0;0,00140762329101562;"One GP";101
1,32891718103551;100;16,2943849563599;0,308031797409058;"GPFDA";101
0,0135784188068749;100;44,1818990707397;0,530437231063843;"Algo";101
NA;NA;0;0,00139427185058594;"One GP";101
0,0765046318109257;100;26,9149630069733;0,315721273422241;"GPFDA";101
0,0467374630627408;93,3333333333333;49,7789890766144;0,523092985153198;"Algo";101
NA;NA;0;0,00138711929321289;"One GP";101
0,0398751784311817;100;22,8298454284668;0,320799112319946;"GPFDA";101
0,0770176959878181;100;39,4340975284576;0,68541955947876;"Algo";101
NA;NA;0;0,00142145156860352;"One GP";101
0,111224134743915;100;23,3643777370453;0,322739124298096;"GPFDA";101
0,0437973539059049;100;35,9220104217529;0,526528835296631;"Algo";101
NA;NA;0;0,00141000747680664;"One GP";101
0,03928928025014;100;26,2363893985748;0,312706470489502;"GPFDA";101
0,373903300952193;100;34,8270370960236;0,531289100646973;"Algo";101
NA;NA;0;0,00142955780029297;"One GP";101
0,450874959571389;100;17,3726091384888;0,314930438995361;"GPFDA";101
0,10826824336416;76,6666666666667;47,5177173614502;0,528234720230103;"Algo";101
NA;NA;0;0,00142741203308105;"One GP";101
0,84576053883218;100;25,6630954742432;0,3200523853302;"GPFDA";101
0,0248345454408438;86,6666666666667;45,7416689395905;0,525162220001221;"Algo";101
NA;NA;0;0,00167155265808105;"One GP";101
0,0142484829669694;100;27,9276640415192;0,322490453720093;"GPFDA";101
0,103676420401659;96,6666666666667;39,450733423233;0,531864166259766;"Algo";101
NA;NA;0;0,00139427185058594;"One GP";101
0,0924850880447969;100;24,0420153141022;0,34117317199707;"GPFDA";101
0,264587644774233;90;35,4070212841034;0,53628945350647;"Algo";101
NA;NA;0;0,00139808654785156;"One GP";101
0,127612026006015;100;24,2892909049988;0,301206827163696;"GPFDA";101
0,216843747384011;90;34,1520557403564;0,527649879455566;"Algo";101
NA;NA;0;0,00140953063964844;"One GP";101
0,814576327829902;100;24,2561829090118;0,321227073669434;"GPFDA";101
0,0416563982317477;100;33,7688133716583;0,630444049835205;"Algo";101
NA;NA;0;0,00142955780029297;"One GP";101
0,182044828247615;100;22,2453634738922;0,307255983352661;"GPFDA";101
0,289291135579365;100;39,8342890739441;0,532390117645264;"Algo";101
NA;NA;0;0,00142574310302734;"One GP";101
0,52590802084392;100;23,6725370883942;0,317973613739014;"GPFDA";101
0,10402375168285;100;37,9820704460144;0,53004264831543;"Algo";101
NA;NA;0;0,00142073631286621;"One GP";101
0,653908741452828;100;15,8224589824677;0,304008007049561;"GPFDA";101
1,56873510908809;100;44,6745300292969;0,566054344177246;"Algo";101
NA;NA;0;0,0014195442199707;"One GP";101
3,51832345106135;100;14,5761544704437;0,321808099746704;"GPFDA";101
0,188577546942781;90;36,9073739051819;0,524361133575439;"Algo";101
NA;NA;0;0,00138521194458008;"One GP";101
0,568234796928828;100;24,1167528629303;0,335203170776367;"GPFDA";101
0,0310151762432416;100;40,8053028583527;0,543954372406006;"Algo";101
NA;NA;0;0,00144743919372559;"One GP";101
0,259712499096583;100;23,4928345680237;0,310345888137817;"GPFDA";101
0,456920843507644;50;37,3651752471924;0,652914047241211;"Algo";101
NA;NA;0;0,00139617919921875;"One GP";101
1,41373711972419;100;23,9646646976471;0,342087984085083;"GPFDA";101
0,0218755310988184;100;48,3620388507843;0,521600961685181;"Algo";101
NA;NA;0;0,00141406059265137;"One GP";101
0,718121352286718;100;28,9910404682159;0,323874473571777;"GPFDA";101
0,0753318285517064;100;81,4755988121033;0,523761034011841;"Algo";101
NA;NA;0;0,00142526626586914;"One GP";101
1,9909907803469;100;24,2911829948425;0,341166019439697;"GPFDA";101
0,0223909380288738;100;36,8163549900055;0,520106554031372;"Algo";101
NA;NA;0;0,00141787528991699;"One GP";101
0,0766244966215183;100;23,1084551811218;0,322098255157471;"GPFDA";101
0,0342368174007059;83,3333333333333;45,6796340942383;0,523175239562988;"Algo";101
NA;NA;0;0,00141692161560059;"One GP";101
0,273319725219235;100;14,1005144119263;0,333189964294434;"GPFDA";101
0,836111429606824;83,3333333333333;38,5415291786194;0,523452997207642;"Algo";101
NA;NA;0;0,00140690803527832;"One GP";101
0,699907641846052;100;26,2860720157623;0,338989496231079;"GPFDA";101
0,255375730462094;100;47,4160401821136;0,523615598678589;"Algo";101
NA;NA;0;0,00144481658935547;"One GP";101
0,56686653667702;100;29,5033843517303;0,326984882354736;"GPFDA";101
0,119802052894428;100;34,6342070102692;0,522226095199585;"Algo";101
NA;NA;0;0,0014188289642334;"One GP";101
1,16427109430865;100;28,6280393600464;0,336474657058716;"GPFDA";101
0,037402022726068;96,6666666666667;40,1999354362488;0,649511098861694;"Algo";101
NA;NA;0;0,00174951553344727;"One GP";101
0,474806964072435;100;20,8684959411621;0,312631130218506;"GPFDA";101
0,0296452848599351;96,6666666666667;38,0576605796814;0,532116174697876;"Algo";101
NA;NA;0;0,00153851509094238;"One GP";101
0,67120583164937;100;19,1900038719177;0,326518058776855;"GPFDA";101
0,0601733185436534;93,3333333333333;41,1430270671844;0,528630256652832;"Algo";101
NA;NA;0;0,00143671035766602;"One GP";101
0,0911670893504165;100;21,9011633396149;0,319438934326172;"GPFDA";101
0,165105580351884;93,3333333333333;41,1855757236481;0,646776914596558;"Algo";101
NA;NA;0;0,00145697593688965;"One GP";101
0,414476950586458;100;26,1371874809265;0,365926265716553;"GPFDA";101
0,0214776350188465;100;40,2061855792999;0,595933675765991;"Algo";101
NA;NA;0;0,0015873908996582;"One GP";101
1,41284155335169;100;25,8475694656372;0,314992666244507;"GPFDA";101
0,179663759337277;100;34,9296364784241;0,556891202926636;"Algo";101
NA;NA;0;0,00142645835876465;"One GP";101
0,218361702388672;100;28,6589996814728;0,32773756980896;"GPFDA";101
0,13220879714004;100;57,613676071167;0,798243284225464;"Algo";151
NA;NA;0;0,00141596794128418;"One GP";151
0,934813252280331;100;40,6474356651306;0,478767156600952;"GPFDA";151
0,0301193300103357;70;154,502071619034;0,883902072906494;"Algo";151
NA;NA;0;0,0014338493347168;"One GP";151
0,360250588729994;100;44,295916557312;0,482385635375977;"GPFDA";151
0,139155909961975;100;60,6516535282135;0,785058498382568;"Algo";151
NA;NA;0;0,00141334533691406;"One GP";151
2,82289176723445;100;35,2135953903198;0,464117050170898;"GPFDA";151
0,119855067728257;96,6666666666667;49,3556127548218;0,819329261779785;"Algo";151
NA;NA;0;0,00158143043518066;"One GP";151
0,241809989838865;100;37,3036332130432;0,456448793411255;"GPFDA";151
0,102929404907821;96,6666666666667;52,0861423015594;0,800485610961914;"Algo";151
NA;NA;0;0,00142312049865723;"One GP";151
0,145796322184879;100;37,5651161670685;0,466017246246338;"GPFDA";151
0,0745205492349919;96,6666666666667;52,8281290531158;0,932346820831299;"Algo";151
NA;NA;0;0,0014197826385498;"One GP";151
0,369723209976388;100;30,862370967865;0,471046209335327;"GPFDA";151
0,0778339985460751;93,3333333333333;68,656270980835;0,787864446640015;"Algo";151
NA;NA;0;0,00144433975219727;"One GP";151
0,134104397306683;100;26,4247159957886;0,464852571487427;"GPFDA";151
0,0215268206152354;93,3333333333333;70,1716840267181;0,88724946975708;"Algo";151
NA;NA;0;0,00141525268554688;"One GP";151
0,47949262744085;100;37,6817626953125;0,493366956710815;"GPFDA";151
0,226917675253941;100;56,9032878875732;0,813112020492554;"Algo";151
NA;NA;0;0,00139594078063965;"One GP";151
0,324826054549468;100;41,6033804416656;0,471053838729858;"GPFDA";151
0,00116328786773252;100;18,61714220047;0,557909488677979;"Algo";151
NA;NA;0;0,00152897834777832;"One GP";151
0,202682475416893;100;42,9618649482727;0,44614315032959;"GPFDA";151
0,320764707435278;100;57,7342476844788;0,863166332244873;"Algo";151
NA;NA;0;0,00141215324401855;"One GP";151
2,17110688944754;100;37,8713111877441;0,477484226226807;"GPFDA";151
0,0378123734641979;86,6666666666667;59,4869406223297;0,851531505584717;"Algo";151
NA;NA;0;0,00143671035766602;"One GP";151
0,923850336354134;100;36,9613592624664;0,486551284790039;"GPFDA";151
0,0178311388905361;100;54,6606206893921;0,811317443847656;"Algo";151
NA;NA;0;0,00149774551391602;"One GP";151
0,468200187395102;100;37,4391899108887;0,49135684967041;"GPFDA";151
0,381515943140948;96,6666666666667;53,983776807785;0,811426877975464;"Algo";151
NA;NA;0;0,00142049789428711;"One GP";151
0,27400508115402;100;40,1887264251709;0,482545852661133;"GPFDA";151
0,262577589605754;100;51,6640117168427;0,780422449111938;"Algo";151
NA;NA;0;0,00141787528991699;"One GP";151
0,815357748542613;100;35,4204885959625;0,476796627044678;"GPFDA";151
0,186045632515186;100;55,5852694511414;0,788736343383789;"Algo";151
NA;NA;0;0,00141263008117676;"One GP";151
0,481912255588356;100;21,9042637348175;0,482016563415527;"GPFDA";151
0,20207249319565;100;64,9521989822388;0,808008909225464;"Algo";151
NA;NA;0;0,00161099433898926;"One GP";151
0,31745010896641;100;21,1783573627472;0,534656524658203;"GPFDA";151
0,267692785114489;100;50,192067861557;0,833720445632935;"Algo";151
NA;NA;0;0,00143289566040039;"One GP";151
4,28550514110895;100;19,6831505298615;0,912148952484131;"GPFDA";151
0,117454772295157;100;52,3384881019592;0,852017164230347;"Algo";151
NA;NA;0;0,00140523910522461;"One GP";151
0,113124597623813;100;35,1144680976868;0,456878185272217;"GPFDA";151
0,121112082611473;100;56,2172808647156;0,77704906463623;"Algo";151
NA;NA;0;0,00139713287353516;"One GP";151
0,317801040269072;100;35,2168452739716;0,46314525604248;"GPFDA";151
0,063534405742649;90;46,2504522800446;0,818907022476196;"Algo";151
NA;NA;0;0,00148630142211914;"One GP";151
0,376673512887083;100;36,8424022197723;0,475160598754883;"GPFDA";151
0,0107409344541238;100;66,2283914089203;0,769220590591431;"Algo";151
NA;NA;0;0,00141549110412598;"One GP";151
0,0283177326500828;100;36,4854514598846;0,464514255523682;"GPFDA";151
0,113349725884504;90;54,0543599128723;0,771255016326904;"Algo";151
NA;NA;0;0,00140643119812012;"One GP";151
1,28309529287036;100;36,8914153575897;0,456455230712891;"GPFDA";151
0,0229785681330497;93,3333333333333;57,5132293701172;0,784950733184814;"Algo";151
NA;NA;0;0,00139093399047852;"One GP";151
0,0439517058672076;100;39,8594472408295;0,4374840259552;"GPFDA";151
0,0491783336762311;93,3333333333333;64,8209235668182;0,865720987319946;"Algo";151
NA;NA;0;0,00155496597290039;"One GP";151
0,242019026391071;100;36,2802178859711;0,487426996231079;"GPFDA";151
0,0150918351267052;100;73,8127789497375;0,777799606323242;"Algo";151
NA;NA;0;0,00142240524291992;"One GP";151
0,636792746080587;100;38,9539535045624;0,479209423065186;"GPFDA";151
0,112538027064977;100;52,0477809906006;0,804766893386841;"Algo";151
NA;NA;0;0,00143575668334961;"One GP";151
0,132129637920502;100;36,6279470920563;0,457956314086914;"GPFDA";151
0,0499489671540978;96,6666666666667;51,9947381019592;0,8112473487854;"Algo";151
NA;NA;0;0,00139760971069336;"One GP";151
0,285832798421502;100;44,5201151371002;0,473757982254028;"GPFDA";151
0,611227202597114;100;79,5634834766388;0,770374536514282;"Algo";151
NA;NA;0;0,00139760971069336;"One GP";151
0,485718487667615;100;22,7883625030518;0,468298435211182;"GPFDA";151
0,0354571674006963;90;74,3177869319916;0,774935007095337;"Algo";151
NA;NA;0;0,00140070915222168;"One GP";151
0,146153232819714;100;37,8009212017059;0,483408212661743;"GPFDA";151
0,339593024513828;100;56,8660726547241;0,783990621566772;"Algo";151
NA;NA;0;0,00143194198608398;"One GP";151
0,0254220707150019;100;33,5656754970551;0,455732107162476;"GPFDA";151
0,0254814015657763;86,6666666666667;58,7260677814484;0,795145750045776;"Algo";151
NA;NA;0;0,0013890266418457;"One GP";151
0,294581963317513;100;42,2689545154572;0,534077167510986;"GPFDA";151
1,03637915742173;70;72,4111747741699;0,771162986755371;"Algo";151
NA;NA;0;0,00139641761779785;"One GP";151
1,53139797231944;100;41,2032239437103;0,462252378463745;"GPFDA";151
0,587825653136517;73,3333333333333;65,3481616973877;0,888628721237183;"Algo";151
NA;NA;0;0,00141596794128418;"One GP";151
6,12170477114351;100;36,7178430557251;0,468231916427612;"GPFDA";151
0,130370766473274;100;88,9314746856689;0,793599843978882;"Algo";151
NA;NA;0;0,00146174430847168;"One GP";151
0,620575745536917;100;36,8143730163574;0,466586828231812;"GPFDA";151
0,0182075307584638;96,6666666666667;51,2665588855743;0,836148023605347;"Algo";151
NA;NA;0;0,0014035701751709;"One GP";151
0,765398239164211;100;37,0840647220612;0,492673635482788;"GPFDA";151
0,012811879232006;100;58,2651963233948;0,786898374557495;"Algo";151
NA;NA;0;0,00143814086914062;"One GP";151
2,83335365086313;100;43,2302258014679;0,45451807975769;"GPFDA";151
0,090509617845185;100;56,2382538318634;1,02913594245911;"Algo";151
NA;NA;0;0,00178670883178711;"One GP";151
0,578360701982378;100;35,3294680118561;0,455060958862305;"GPFDA";151
0,0242158937685944;100;48,68754529953;0,79459547996521;"Algo";151
NA;NA;0;0,00140118598937988;"One GP";151
0,139579127071451;100;37,7413983345032;0,456182956695557;"GPFDA";151
0,120462326006719;53,3333333333333;52,8417010307312;0,914738893508911;"Algo";151
NA;NA;0;0,00141286849975586;"One GP";151
0,159362052322851;100;36,9140188694;0,475268602371216;"GPFDA";151
0,0286211145770043;100;51,7251389026642;0,853763580322266;"Algo";151
NA;NA;0;0,00153803825378418;"One GP";151
5,97797158966637;100;24,1111714839935;0,512472867965698;"GPFDA";151
0,02661225477609;96,6666666666667;72,334774017334;0,844314336776733;"Algo";151
NA;NA;0;0,00142717361450195;"One GP";151
0,0230506277531712;100;36,5032474994659;0,46606707572937;"GPFDA";151
0,026041993356876;90;65,9406645298004;0,796671152114868;"Algo";151
NA;NA;0;0,00140953063964844;"One GP";151
0,0813833275748829;100;33,9388906955719;0,463884830474854;"GPFDA";151
0,0384831077222102;100;67,4012486934662;0,775779008865356;"Algo";151
NA;NA;0;0,00140857696533203;"One GP";151
0,223797497699251;100;36,7970280647278;0,499724864959717;"GPFDA";151
0,0177774074175681;100;57,6020610332489;0,779727697372437;"Algo";151
NA;NA;0;0,00140810012817383;"One GP";151
1,79985594985378;100;15,5277996063232;0,464506149291992;"GPFDA";151
0,0563018451875631;100;105,817780733109;0,829844951629639;"Algo";151
NA;NA;0;0,00142884254455566;"One GP";151
0,0807618122124969;100;38,7756447792053;0,489643812179565;"GPFDA";151
0,0181870562312448;100;67,2489218711853;0,837866067886353;"Algo";151
NA;NA;0;0,00141143798828125;"One GP";151
0,687966610367562;100;21,3401415348053;0,489515542984009;"GPFDA";151
0,0477722809300847;96,6666666666667;47,4538459777832;0,779458999633789;"Algo";151
NA;NA;0;0,00139403343200684;"One GP";151
0,186031490815805;100;34,3985776901245;0,462012052536011;"GPFDA";151
0,517096101912584;100;62,5514225959778;0,811747789382935;"Algo";151
NA;NA;0;0,00142192840576172;"One GP";151
1,33827297621416;100;42,5391507148743;0,452486276626587;"GPFDA";151
1,30477779579623;83,3333333333333;72,5986878871918;0,794715166091919;"Algo";151
NA;NA;0;0,00140690803527832;"One GP";151
1,91836221765596;100;20,7751290798187;0,477182865142822;"GPFDA";151
0,248236711583206;100;61,1920726299286;0,867546081542969;"Algo";151
NA;NA;0;0,00141143798828125;"One GP";151
0,345395672593275;100;23,9557821750641;0,5205237865448;"GPFDA";151
0,997910735646757;73,3333333333333;50,3709299564362;0,873471021652222;"Algo";151
NA;NA;0;0,00148224830627441;"One GP";151
1,1657745176361;100;43,2372705936432;0,45895791053772;"GPFDA";151
0,0237699299257743;100;59,7384197711945;0,864264488220215;"Algo";151
NA;NA;0;0,0014040470123291;"One GP";151
0,223399170423353;100;20,0665674209595;0,482707738876343;"GPFDA";151
0,0324191164253681;93,3333333333333;77,4367337226868;0,780125379562378;"Algo";151
NA;NA;0;0,0014040470123291;"One GP";151
0,428846500046084;96,6666666666667;30,8310253620148;0,48498272895813;"GPFDA";151
0,175585715945975;100;64,712860584259;0,871353387832642;"Algo";151
NA;NA;0;0,00140905380249023;"One GP";151
0,320745060105183;100;38,5658514499664;0,483331203460693;"GPFDA";151
0,299696762304614;100;85,4445734024048;0,805103063583374;"Algo";151
NA;NA;0;0,00142097473144531;"One GP";151
1,46258345330868;100;36,286022901535;0,458907604217529;"GPFDA";151
0,300225588903937;100;59,2283329963684;0,805802822113037;"Algo";151
NA;NA;0;0,00141620635986328;"One GP";151
0,690405917089666;100;23,8983840942383;0,472497463226318;"GPFDA";151
0,963202318931234;100;72,986358165741;0,785172939300537;"Algo";151
NA;NA;0;0,0014035701751709;"One GP";151
0,580951889129951;100;23,6035556793213;0,470511674880981;"GPFDA";151
0,0430116642261524;100;55,7137064933777;0,810197353363037;"Algo";151
NA;NA;0;0,00142717361450195;"One GP";151
0,279528055064857;100;17,6468460559845;0,494212865829468;"GPFDA";151
0,172652943236062;100;51,5688471794128;0,803524017333984;"Algo";151
NA;NA;0;0,00139975547790527;"One GP";151
0,0994940318791709;100;36,852874994278;0,461466312408447;"GPFDA";151
0,030947955999809;100;55,9562296867371;0,785396337509155;"Algo";151
NA;NA;0;0,00140237808227539;"One GP";151
1,31522008266542;100;41,7328746318817;0,473366737365723;"GPFDA";151
0,0302091801661824;100;114,903882741928;0,792127847671509;"Algo";151
NA;NA;0;0,0014042854309082;"One GP";151
0,183335509097424;100;43,1913313865662;0,484151363372803;"GPFDA";151
0,0178742690664222;96,6666666666667;71,7711894512177;0,796442985534668;"Algo";151
NA;NA;0;0,0014793872833252;"One GP";151
0,757464281856841;100;35,0771863460541;0,449933052062988;"GPFDA";151
0,0264099816295674;96,6666666666667;56,1832473278046;0,967031478881836;"Algo";151
NA;NA;0;0,00156950950622559;"One GP";151
0,990408399233596;100;35,5332496166229;0,521827697753906;"GPFDA";151
0,310325278075133;100;58,8029670715332;0,805274486541748;"Algo";151
NA;NA;0;0,00144314765930176;"One GP";151
3,0806543168118;100;38,9383580684662;0,492617607116699;"GPFDA";151
0,0441990666142328;100;50,4516270160675;0,922952890396118;"Algo";151
NA;NA;0;0,00147557258605957;"One GP";151
0,0415834054950779;100;24,1102938652039;0,480161428451538;"GPFDA";151
0,185505587203096;100;57,3414912223816;0,801031112670898;"Algo";151
NA;NA;0;0,00999665260314941;"One GP";151
0,473484971929509;100;27,9597644805908;0,460654020309448;"GPFDA";151
0,0236802841009905;93,3333333333333;64,8929207324982;0,899848222732544;"Algo";151
NA;NA;0;0,00141215324401855;"One GP";151
0,284718214313505;100;38,6686053276062;0,472529172897339;"GPFDA";151
0,375549950757775;100;165,886685848236;0,789560317993164;"Algo";151
NA;NA;0;0,00141429901123047;"One GP";151
0,674580692111935;100;28,584228515625;0,465543985366821;"GPFDA";151
0,15855720640452;100;52,0700256824493;0,981354713439941;"Algo";151
NA;NA;0;0,00142836570739746;"One GP";151
1,39264791714152;100;31,9862394332886;0,457467317581177;"GPFDA";151
0,348270196404285;96,6666666666667;49,4704384803772;0,808220148086548;"Algo";151
NA;NA;0;0,00143027305603027;"One GP";151
0,224025368920086;100;47,8994927406311;0,488111734390259;"GPFDA";151
0,290209017885354;100;527,320996999741;0,796731948852539;"Algo";151
NA;NA;0;0,00140500068664551;"One GP";151
0,267526621640845;100;20,6124656200409;0,475537776947021;"GPFDA";151
0,0239291234009873;80;72,4037199020386;0,799212217330933;"Algo";151
NA;NA;0;0,00152444839477539;"One GP";151
3,95599659716421;76,6666666666667;37,3569202423096;0,566440343856812;"GPFDA";151
0,0227106988563771;80;119,095103263855;1,25130701065063;"Algo";151
NA;NA;0;0,00158309936523438;"One GP";151
1,12534046819395;96,6666666666667;38,6326968669891;0,497202396392822;"GPFDA";151
0,0365804541581343;90;53,6599903106689;0,907555341720581;"Algo";151
NA;NA;0;0,00141358375549316;"One GP";151
0,458038227942219;100;23,4435634613037;0,461988925933838;"GPFDA";151
0,363481070021258;70;59,9880459308624;0,782607793807983;"Algo";151
NA;NA;0;0,00139927864074707;"One GP";151
3,27824912957116;100;34,8681457042694;0,464998245239258;"GPFDA";151
0,0106017591845248;100;52,1369378566742;0,809333086013794;"Algo";151
NA;NA;0;0,00139474868774414;"One GP";151
0,0944869743595421;100;39,1349835395813;0,453179359436035;"GPFDA";151
0,0151643739946193;100;40,8970167636871;1,02498126029968;"Algo";151
NA;NA;0;0,00160360336303711;"One GP";151
0,069403640068562;100;38,2591428756714;0,496241331100464;"GPFDA";151
0,0142762243149852;100;96,8453631401062;0,778388023376465;"Algo";151
NA;NA;0;0,0014197826385498;"One GP";151
0,796494903366156;100;42,0788798332214;0,454106569290161;"GPFDA";151
0,384891565381052;100;74,6158578395844;1,1213710308075;"Algo";151
NA;NA;0;0,00189995765686035;"One GP";151
0,738201915638275;100;28,0160324573517;0,553681373596191;"GPFDA";151
0,0505587535660994;96,6666666666667;54,1641621589661;0,887130975723267;"Algo";151
NA;NA;0;0,00141572952270508;"One GP";151
1,79366778312485;100;36,6620061397552;0,469824075698853;"GPFDA";151
0,138676746132149;100;57,5273599624634;0,844427108764648;"Algo";151
NA;NA;0;0,00142669677734375;"One GP";151
0,183744153788498;100;45,7993688583374;0,458213090896606;"GPFDA";151
0,12647717489798;93,3333333333333;52,6863374710083;0,831096887588501;"Algo";151
NA;NA;0;0,00173115730285645;"One GP";151
0,167448925436443;100;21,0411767959595;0,54784369468689;"GPFDA";151
1,4189682958072;56,6666666666667;101,062253952026;0,911490678787231;"Algo";151
NA;NA;0;0,0014030933380127;"One GP";151
2,14264126661655;100;38,5504331588745;0,440785646438599;"GPFDA";151
0,0748746537256288;100;54,0804166793823;0,980681657791138;"Algo";151
NA;NA;0;0,00160884857177734;"One GP";151
2,69202605702303;100;19,1688067913055;0,508341789245605;"GPFDA";151
0,260182053765231;90;50,497832775116;0,828671455383301;"Algo";151
NA;NA;0;0,00143027305603027;"One GP";151
1,56031314892217;100;40,0929551124573;0,604878187179565;"GPFDA";151
0,0190340829001055;93,3333333333333;56,0026195049286;0,872406005859375;"Algo";151
NA;NA;0;0,00161314010620117;"One GP";151
0,731656976550369;100;27,1584959030151;0,574936151504517;"GPFDA";151
0,58305843465808;100;48,4515039920807;0,804071664810181;"Algo";151
NA;NA;0;0,00140810012817383;"One GP";151
3,08692147135986;100;35,5983545780182;0,472725391387939;"GPFDA";151
1,16485365576673;96,6666666666667;61,170469045639;1,00108194351196;"Algo";151
NA;NA;0;0,00142931938171387;"One GP";151
1,75450277706786;100;25,2581670284271;0,472514629364014;"GPFDA";151
1,85684840489686;60;61,6416590213776;0,781425714492798;"Algo";151
NA;NA;0;0,00139307975769043;"One GP";151
2,89524446460497;100;21,845743894577;0,46269416809082;"GPFDA";151
0,0318048514013401;100;57,7956573963165;0,862333297729492;"Algo";151
NA;NA;0;0,00142693519592285;"One GP";151
0,0695925809580508;100;26,4622614383698;0,456619024276733;"GPFDA";151
0,0447051321564;100;124,317312955856;0,805467128753662;"Algo";151
NA;NA;0;0,00139808654785156;"One GP";151
0,0687166910116916;100;26,0397989749908;0,458761930465698;"GPFDA";151
0,0292565393910483;100;59,4246015548706;0,800396203994751;"Algo";151
NA;NA;0;0,00138735771179199;"One GP";151
0,17342216337163;100;22,2460308074951;0,46759819984436;"GPFDA";151
0,0112077877479582;100;72,8445889949799;0,783250570297241;"Algo";151
NA;NA;0;0,00141263008117676;"One GP";151
0,748875840176702;100;21,6865603923798;0,453235387802124;"GPFDA";151
0,395575479327307;100;74,7472269535065;0,881129026412964;"Algo";151
NA;NA;0;0,00150442123413086;"One GP";151
1,04170524736239;100;20,1329221725464;0,529894590377808;"GPFDA";151
0,00193718595350259;100;112,256354570389;0,845999240875244;"Algo";151
NA;NA;0;0,00144767761230469;"One GP";151
10,1503971073545;43,3333333333333;36,6113102436066;0,476837635040283;"GPFDA";151
0,0220039472599769;100;54,0457653999329;0,779031753540039;"Algo";151
NA;NA;0;0,00141549110412598;"One GP";151
0,212153509391496;100;37,8901765346527;0,469941854476929;"GPFDA";151
0,015401369239992;100;52,5307247638702;0,794828653335571;"Algo";151
NA;NA;0;0,00141310691833496;"One GP";151
0,407101695922908;100;35,3064050674438;0,508480548858643;"GPFDA";151
0,297481866363015;100;63,2673101425171;0,79953670501709;"Algo";151
NA;NA;0;0,0014183521270752;"One GP";151
0,570217944545653;100;37,4807806015015;0,463638544082642;"GPFDA";151
0,00525760012462049;100;63,8161389827728;0,796761989593506;"Algo";151
NA;NA;0;0,00143098831176758;"One GP";151
0,0119542114523345;100;48,8768105506897;0,465664386749268;"GPFDA";151
0,120223739798884;76,6666666666667;69,4986956119537;1,07871651649475;"Algo";201
NA;NA;0;0,00139498710632324;"One GP";201
2,01881600402622;100;46,2703261375427;0,598009347915649;"GPFDA";201
0,0822466839218551;100;89,1410686969757;1,05742383003235;"Algo";201
NA;NA;0;0,00140261650085449;"One GP";201
0,355439339206492;100;52,9681010246277;0,623700857162476;"GPFDA";201
0,0493206650483464;100;73,8538203239441;1,17510271072388;"Algo";201
NA;NA;0;0,00167012214660645;"One GP";201
0,3156167313526;100;55,4561083316803;0,69524621963501;"GPFDA";201
0,00651486147639835;100;103,13115477562;1,13494753837585;"Algo";201
NA;NA;0;0,00169968605041504;"One GP";201
0,883166889904906;100;53,4104869365692;0,677194833755493;"GPFDA";201
0,0096140460553845;100;148,283501625061;1,05824160575867;"Algo";201
NA;NA;0;0,00142288208007812;"One GP";201
0,0105721962195098;100;38,446311712265;0,603862047195435;"GPFDA";201
0,132179553396225;93,3333333333333;93,6945309638977;1,38565468788147;"Algo";201
NA;NA;0;0,0014345645904541;"One GP";201
1,33982063880476;100;53,5920984745026;0,613772630691528;"GPFDA";201
0,153073226299526;100;81,8512833118439;1,37422585487366;"Algo";201
NA;NA;0;0,00144267082214355;"One GP";201
0,390466256516335;100;29,850599527359;0,611055374145508;"GPFDA";201
0,381504052410468;90;69,1057469844818;1,05702304840088;"Algo";201
NA;NA;0;0,00146770477294922;"One GP";201
0,450528526649146;100;47,9227464199066;0,619130849838257;"GPFDA";201
0,0902699072745602;100;75,0244920253754;1,03994488716125;"Algo";201
NA;NA;0;0,0014958381652832;"One GP";201
0,235888253183727;100;52,0055973529816;0,624038696289062;"GPFDA";201
0,0348156066159776;100;68,5393919944763;1,41438221931458;"Algo";201
NA;NA;0;0,00147581100463867;"One GP";201
1,32884938092524;100;33,8576776981354;0,652682542800903;"GPFDA";201
0,0312478314022552;96,6666666666667;66,64133477211;1,08768224716187;"Algo";201
NA;NA;0;0,00145626068115234;"One GP";201
0,120965787625372;100;29,6857533454895;0,633138179779053;"GPFDA";201
0,00312040680702129;100;76,8132140636444;1,05068135261536;"Algo";201
NA;NA;0;0,00172924995422363;"One GP";201
0,444907435432596;100;55,8024835586548;0,632056474685669;"GPFDA";201
0,0338926359405737;80;75,7848558425903;1,05144000053406;"Algo";201
NA;NA;0;0,0016179084777832;"One GP";201
0,0474454654177946;100;48,2937395572662;0,608840465545654;"GPFDA";201
0,0141768190564416;100;74,6686153411865;1,08836054801941;"Algo";201
NA;NA;0;0,00143957138061523;"One GP";201
0,14874706293738;100;34,9720079898834;0,603192567825317;"GPFDA";201
0,145414619206729;100;194,751712799072;1,09509944915771;"Algo";201
NA;NA;0;0,00145959854125977;"One GP";201
7,90233172641807;100;59,4723405838013;0,608025074005127;"GPFDA";201
0,0690564400188124;100;75,3164808750153;1,06758618354797;"Algo";201
NA;NA;0;0,0014348030090332;"One GP";201
0,324031969406887;100;51,19442486763;0,614352226257324;"GPFDA";201
0,0361613285863987;90;75,0238888263702;1,36066746711731;"Algo";201
NA;NA;0;0,0015101432800293;"One GP";201
0,265953112477208;100;31,8706715106964;0,649455785751343;"GPFDA";201
0,0954502760185849;100;69,1675055027008;1,09874796867371;"Algo";201
NA;NA;0;0,0015108585357666;"One GP";201
0,45475435766135;100;32,2134492397308;0,615385055541992;"GPFDA";201
0,0253713321786006;96,6666666666667;74,4137759208679;1,06666421890259;"Algo";201
NA;NA;0;0,00142240524291992;"One GP";201
0,0974405624037386;100;43,4096279144287;0,646447896957397;"GPFDA";201
0,0141941068128943;90;71,0084421634674;1,06349563598633;"Algo";201
NA;NA;0;0,00140738487243652;"One GP";201
0,153293642091087;100;53,7999045848846;0,609595775604248;"GPFDA";201
0,00455710970219843;100;82,2444128990173;1,17905759811401;"Algo";201
NA;NA;0;0,00142526626586914;"One GP";201
81,5489499267704;0;42,2505340576172;0,625062704086304;"GPFDA";201
0,210840646353053;100;97,0483818054199;1,57104229927063;"Algo";201
NA;NA;0;0,00139331817626953;"One GP";201
1,4679032979482;100;32,8269858360291;0,601433038711548;"GPFDA";201
0,288668546966458;100;65,1384449005127;1,09818553924561;"Algo";201
NA;NA;0;0,00166034698486328;"One GP";201
0,384607115913912;100;54,6579420566559;0,671844720840454;"GPFDA";201
0,0270496143945197;100;74,4242260456085;1,12633156776428;"Algo";201
NA;NA;0;0,00140857696533203;"One GP";201
0,373786509845561;100;52,2853350639343;0,63260817527771;"GPFDA";201
0,0280597454813568;100;71,6981582641602;1,32719254493713;"Algo";201
NA;NA;0;0,00148391723632812;"One GP";201
14,3278145940373;100;22,8296735286713;0,611790657043457;"GPFDA";201
0,0536136133646263;53,3333333333333;83,8266620635986;1,23322463035583;"Algo";201
NA;NA;0;0,00142002105712891;"One GP";201
2,03956655903187;96,6666666666667;60,0919806957245;0,606927156448364;"GPFDA";201
0,12517909062756;100;90,0593535900116;1,04258465766907;"Algo";201
NA;NA;0;0,00141525268554688;"One GP";201
0,215906772264384;100;45,4961078166962;0,595711708068848;"GPFDA";201
0,0032776695369321;100;287,731446266174;1,05619859695435;"Algo";201
NA;NA;0;0,00142526626586914;"One GP";201
0,414292614028631;100;55,5918130874634;0,629594802856445;"GPFDA";201
0,0120065355869103;100;128,511615514755;1,20155167579651;"Algo";201
NA;NA;0;0,00143623352050781;"One GP";201
0,0216470067472925;100;55,5173437595367;0,597173929214478;"GPFDA";201
0,228605393967;100;214,182787418365;1,06899094581604;"Algo";201
NA;NA;0;0,00155782699584961;"One GP";201
4,85120261534011;100;36,0069127082825;0,716386079788208;"GPFDA";201
0,0165712034650083;100;67,3556184768677;1,04677724838257;"Algo";201
NA;NA;0;0,00143957138061523;"One GP";201
0,016478625808228;100;33,7051272392273;0,620270013809204;"GPFDA";201
0,0259439443377401;96,6666666666667;77,6434767246246;1,07730150222778;"Algo";201
NA;NA;0;0,00147604942321777;"One GP";201
0,0893368034066509;100;63,9744837284088;0,600964784622192;"GPFDA";201
0,227697191166152;100;75,2974164485931;1,11648893356323;"Algo";201
NA;NA;0;0,00144481658935547;"One GP";201
0,813937137710113;100;51,4569270610809;0,62892484664917;"GPFDA";201
0,10889808714775;56,6666666666667;81,2561123371124;1,04203128814697;"Algo";201
NA;NA;0;0,00142335891723633;"One GP";201
1,05215255331213;100;43,7120544910431;0,601928949356079;"GPFDA";201
0,00304950979324018;100;89,8053414821625;1,3391330242157;"Algo";201
NA;NA;0;0,00144815444946289;"One GP";201
1,65576420473979;100;56,6878757476807;0,612774133682251;"GPFDA";201
0,0134955683322986;96,6666666666667;72,5944459438324;1,41880035400391;"Algo";201
NA;NA;0;0,00163698196411133;"One GP";201
0,665769648942318;100;46,4149866104126;0,6721031665802;"GPFDA";201
0,53780216388334;50;87,3831634521484;1,38506269454956;"Algo";201
NA;NA;0;0,00171256065368652;"One GP";201
4,81550687440344;100;34,8995203971863;0,732731819152832;"GPFDA";201
0,0356352054810473;100;88,2336649894714;1,06434297561646;"Algo";201
NA;NA;0;0,00143289566040039;"One GP";201
0,047031817953148;100;28,4528164863586;0,610783100128174;"GPFDA";201
0,0281570085629986;96,6666666666667;102,611728429794;1,05976986885071;"Algo";201
NA;NA;0;0,00144100189208984;"One GP";201
0,0681481945791985;100;46,6459400653839;0,612544059753418;"GPFDA";201
0,0690271112249696;100;67,602151632309;1,18411707878113;"Algo";201
NA;NA;0;0,00142574310302734;"One GP";201
0,143747502570613;100;32,1855745315552;0,614728450775146;"GPFDA";201
0,132896133041403;96,6666666666667;71,662008523941;1,13435983657837;"Algo";201
NA;NA;0;0,00144553184509277;"One GP";201
0,293700738160671;100;47,4967246055603;0,618819952011108;"GPFDA";201
0,399890479740261;96,6666666666667;77,5549998283386;1,05997204780579;"Algo";201
NA;NA;0;0,00140666961669922;"One GP";201
1,81351382570496;100;54,3814787864685;0,617218494415283;"GPFDA";201
0,00803122718351512;100;83,5334706306458;1,35443162918091;"Algo";201
NA;NA;0;0,00147843360900879;"One GP";201
0,28973365049244;100;63,0231072902679;0,717496633529663;"GPFDA";201
0,0266356950192527;100;72,1164171695709;1,24900913238525;"Algo";201
NA;NA;0;0,0014183521270752;"One GP";201
0,0157417215250823;100;47,8672189712524;0,622439384460449;"GPFDA";201
0,0282775281026433;100;67,3730244636536;1,05712223052979;"Algo";201
NA;NA;0;0,00142073631286621;"One GP";201
93,8329271685831;0;31,8227243423462;0,616228103637695;"GPFDA";201
0,153579826983099;100;79,921648979187;1,06203746795654;"Algo";201
NA;NA;0;0,00139904022216797;"One GP";201
0,172603222509421;100;49,7876124382019;0,616659164428711;"GPFDA";201
0,277079091202422;100;81,2941002845764;1,16107988357544;"Algo";201
NA;NA;0;0,00142312049865723;"One GP";201
2,09609218956308;100;32,6526126861572;0,610239505767822;"GPFDA";201
0,0313870692182884;100;69,797530412674;1,11259055137634;"Algo";201
NA;NA;0;0,00141453742980957;"One GP";201
0,545200710404117;100;53,0119440555573;0,612900733947754;"GPFDA";201
0,0214870499035244;100;76,2330918312073;1,06219077110291;"Algo";201
NA;NA;0;0,00139927864074707;"One GP";201
0,764649143560995;100;39,7512760162354;0,614565849304199;"GPFDA";201
0,0322643937452441;90;89,7303552627563;1,27022790908813;"Algo";201
NA;NA;0;0,0018310546875;"One GP";201
0,11871781415382;100;45,4959452152252;0,683545827865601;"GPFDA";201
0,227291231700241;76,6666666666667;87,4954462051392;1,21134853363037;"Algo";201
NA;NA;0;0,00140571594238281;"One GP";201
0,214038104145558;100;36,753350019455;0,604953289031982;"GPFDA";201
0,304740480761043;100;90,0238378047943;1,10437607765198;"Algo";201
NA;NA;0;0,00140738487243652;"One GP";201
0,660560603843596;100;64,4920520782471;0,598052024841309;"GPFDA";201
0,0174711112798516;93,3333333333333;72,8313963413239;1,06670308113098;"Algo";201
NA;NA;0;0,00140762329101562;"One GP";201
0,996099712324725;100;30,5289664268494;0,625370502471924;"GPFDA";201
0,0128165547863761;100;85,2210528850555;1,15755462646484;"Algo";201
NA;NA;0;0,00153446197509766;"One GP";201
0,0349006886568081;100;35,4600174427032;0,606615304946899;"GPFDA";201
0,0245363908387596;83,3333333333333;86,9992835521698;1,24906539916992;"Algo";201
NA;NA;0;0,00142383575439453;"One GP";201
0,121191015659176;100;69,5489275455475;0,646110057830811;"GPFDA";201
1,22116827782662;76,6666666666667;78,6364212036133;1,06045126914978;"Algo";201
NA;NA;0;0,00139784812927246;"One GP";201
0,490305541668045;100;28,1289322376251;0,617704391479492;"GPFDA";201
0,192014636518111;90;75,8520972728729;1,1944694519043;"Algo";201
NA;NA;0;0,00173783302307129;"One GP";201
0,306175633362691;100;36,4344193935394;0,674623250961304;"GPFDA";201
0,23670139790037;70;235,51189494133;1,16306328773499;"Algo";201
NA;NA;0;0,00141263008117676;"One GP";201
1,1643357964811;100;36,4823844432831;0,616134405136108;"GPFDA";201
0,117104197591827;100;76,8390967845917;1,20563220977783;"Algo";201
NA;NA;0;0,00140595436096191;"One GP";201
0,297401413895294;100;55,2710752487183;0,613609313964844;"GPFDA";201
0,0455711250286125;96,6666666666667;72,4268970489502;1,05788159370422;"Algo";201
NA;NA;0;0,00142359733581543;"One GP";201
5,686154918713;90;53,9218761920929;0,607440233230591;"GPFDA";201
0,0137354246587292;96,6666666666667;77,1453926563263;1,08473706245422;"Algo";201
NA;NA;0;0,0014193058013916;"One GP";201
0,025302845114699;100;50,3693835735321;0,613961219787598;"GPFDA";201
0,020484573470345;100;69,8625297546387;1,08716034889221;"Algo";201
NA;NA;0;0,00142073631286621;"One GP";201
0,907064647118579;100;26,742030620575;0,612989902496338;"GPFDA";201
0,047193265948748;66,6666666666667;98,3706398010254;1,06390142440796;"Algo";201
NA;NA;0;0,00142240524291992;"One GP";201
1,29743860922059;100;59,159782409668;0,640743494033813;"GPFDA";201
0,0178617440761252;96,6666666666667;84,0156278610229;1,65549421310425;"Algo";201
NA;NA;0;0,00141453742980957;"One GP";201
0,167417256661607;100;54,546989440918;0,593318700790405;"GPFDA";201
0,419080222675889;93,3333333333333;82,5482637882233;1,05803203582764;"Algo";201
NA;NA;0;0,00141072273254395;"One GP";201
1,21529544154531;100;54,8364489078522;0,588495254516602;"GPFDA";201
0,0447193767043537;100;82,8244330883026;1,17269730567932;"Algo";201
NA;NA;0;0,00142097473144531;"One GP";201
0,198156893821583;100;39,3802468776703;0,596030473709106;"GPFDA";201
0,0312651709829632;90;97,0898206233978;1,04657483100891;"Algo";201
NA;NA;0;0,00142931938171387;"One GP";201
1,72761057271433;100;24,5189888477325;0,618295192718506;"GPFDA";201
0,00445004203059923;100;82,8658537864685;1,04694604873657;"Algo";201
NA;NA;0;0,00139427185058594;"One GP";201
0,0492603537270514;100;33,331298828125;0,617664337158203;"GPFDA";201
0,236185648693352;100;157,467035531998;1,27747702598572;"Algo";201
NA;NA;0;0,00139117240905762;"One GP";201
0,243886296816392;100;53,1624352931976;0,600560903549194;"GPFDA";201
0,763181638564884;100;72,8655014038086;1,21036767959595;"Algo";201
NA;NA;0;0,00140166282653809;"One GP";201
0,701366974666328;100;35,8186979293823;0,60528302192688;"GPFDA";201
0,0154336042414279;93,3333333333333;92,8391711711884;1,05845284461975;"Algo";201
NA;NA;0;0,00139546394348145;"One GP";201
2,22650598311611;96,6666666666667;48,515392780304;0,592143774032593;"GPFDA";201
0,0296125452089838;86,6666666666667;86,5308644771576;1,08609294891357;"Algo";201
NA;NA;0;0,00142240524291992;"One GP";201
0,0904993947439606;100;55,7649459838867;0,624903678894043;"GPFDA";201
0,0155454429684939;93,3333333333333;19,7259366512299;0,623967170715332;"Algo";201
NA;NA;0;0,00153923034667969;"One GP";201
0,0387180732260851;100;59,310742855072;0,627655744552612;"GPFDA";201
0,140686379426116;100;64,2319912910461;1,03686332702637;"Algo";201
NA;NA;0;0,00141525268554688;"One GP";201
0,412865009616615;100;32,6939730644226;0,616615295410156;"GPFDA";201
0,228057367216741;100;77,4439594745636;1,14343786239624;"Algo";201
NA;NA;0;0,00142240524291992;"One GP";201
1,28280582224324;100;44,9321599006653;0,61957859992981;"GPFDA";201
0,785999849931066;76,6666666666667;70,6180310249329;1,16208004951477;"Algo";201
NA;NA;0;0,00159621238708496;"One GP";201
2,04379419493471;100;53,4093749523163;0,646841287612915;"GPFDA";201
0,0121577989521426;100;93,7941279411316;1,05520129203796;"Algo";201
NA;NA;0;0,00156092643737793;"One GP";201
0,114686973252529;100;21,1206736564636;0,676745176315308;"GPFDA";201
0,0959026295253663;100;68,2684977054596;1,19978666305542;"Algo";201
NA;NA;0;0,00144100189208984;"One GP";201
0,787241790717982;100;60,691389799118;0,596837043762207;"GPFDA";201
0,256387146864236;100;77,7497024536133;1,05263757705688;"Algo";201
NA;NA;0;0,00145459175109863;"One GP";201
0,12310451245948;100;52,8822047710419;0,612898349761963;"GPFDA";201
0,0208493151713058;100;80,7091221809387;1,05110836029053;"Algo";201
NA;NA;0;0,00146889686584473;"One GP";201
0,22193068198523;100;60,2622215747833;0,610947132110596;"GPFDA";201
0,0414171447423434;90;76,4982893466949;1,04523205757141;"Algo";201
NA;NA;0;0,00142383575439453;"One GP";201
1,34458794278671;100;42,9510769844055;0,605784893035889;"GPFDA";201
0,0683578138977924;100;73,7398087978363;1,17009019851685;"Algo";201
NA;NA;0;0,00143551826477051;"One GP";201
0,279678482072065;100;48,3982810974121;0,606929779052734;"GPFDA";201
0,0381049050979571;100;74,7752158641815;1,05086016654968;"Algo";201
NA;NA;0;0,0014193058013916;"One GP";201
0,0834943021285406;100;43,893120765686;0,704464912414551;"GPFDA";201
0,0101316514265451;90;86,7437267303467;1,07147598266602;"Algo";201
NA;NA;0;0,00143170356750488;"One GP";201
0,107866416983153;100;52,9052474498749;0,63731050491333;"GPFDA";201
0,0319447310010742;100;89,5182132720947;1,23573017120361;"Algo";201
NA;NA;0;0,00149154663085938;"One GP";201
0,0413500651410336;100;50,4745874404907;0,629514932632446;"GPFDA";201
0,0164215253474808;100;67,9931833744049;1,32331681251526;"Algo";201
NA;NA;0;0,00143861770629883;"One GP";201
0,143595882893434;100;48,3836243152618;0,683087825775146;"GPFDA";201
0,0171171908377066;100;76,544510602951;1,18787145614624;"Algo";201
NA;NA;0;0,00147056579589844;"One GP";201
0,435950262894404;100;47,3938443660736;0,64251971244812;"GPFDA";201
0,194554511194604;86,6666666666667;90,5420379638672;1,05036854743958;"Algo";201
NA;NA;0;0,00140523910522461;"One GP";201
0,188035418168946;100;31,938845872879;0,66729998588562;"GPFDA";201
0,00356902396215616;100;98,5068309307098;1,15544462203979;"Algo";201
NA;NA;0;0,00146102905273438;"One GP";201
0,00517527924566317;100;58,70805311203;0,637520313262939;"GPFDA";201
0,338434640678715;90;70,2984364032745;1,35085606575012;"Algo";201
NA;NA;0;0,00142359733581543;"One GP";201
2,78549480894367;100;56,8919541835785;0,614280223846436;"GPFDA";201
0,0553663543107032;96,6666666666667;67,2353961467743;1,18283295631409;"Algo";201
NA;NA;0;0,00148200988769531;"One GP";201
0,387247587993628;100;46,8470330238342;0,625038623809814;"GPFDA";201
0,0506186695337303;96,6666666666667;85,6300873756409;1,14312672615051;"Algo";201
NA;NA;0;0,00144743919372559;"One GP";201
0,204738634821792;100;54,3119139671326;0,61239218711853;"GPFDA";201
1,04906750590923;70;74,7988743782043;1,10496759414673;"Algo";201
NA;NA;0;0,00142955780029297;"One GP";201
0,96145855975322;100;51,756406545639;0,617379903793335;"GPFDA";201
0,0179178439121162;96,6666666666667;75,6373369693756;1,25490164756775;"Algo";201
NA;NA;0;0,00143313407897949;"One GP";201
2,31222047681363;100;73,3300681114197;0,604611158370972;"GPFDA";201
0,0996142170717267;100;64,8345341682434;1,0643527507782;"Algo";201
NA;NA;0;0,00141501426696777;"One GP";201
0,638191487312182;100;35,0349998474121;0,604852914810181;"GPFDA";201
0,0175631577069333;100;97,1376864910126;1,06021046638489;"Algo";201
NA;NA;0;0,00142168998718262;"One GP";201
0,29997381867722;100;22,2530705928802;0,608796119689941;"GPFDA";201
0,190095018168985;93,3333333333333;73,4091897010803;1,27610945701599;"Algo";201
NA;NA;0;0,00145602226257324;"One GP";201
0,179003721686659;100;51,0715527534485;0,669117212295532;"GPFDA";201
0,260831100327434;93,3333333333333;67,3703866004944;1,17629551887512;"Algo";201
NA;NA;0;0,00145339965820312;"One GP";201
0,358886815814052;100;54,2913222312927;0,630580902099609;"GPFDA";201
0,00979270068475372;100;84,7131345272064;1,08927464485168;"Algo";201
NA;NA;0;0,00162220001220703;"One GP";201
0,0173302644623806;100;42,8481721878052;0,684473991394043;"GPFDA";201
0,0255217736345438;100;74,0156586170197;1,20425772666931;"Algo";201
NA;NA;0;0,00145483016967773;"One GP";201
0,0423886400548527;100;51,6479969024658;0,616044759750366;"GPFDA";201
