"";"MSE";"Ratio_IC";"Time_train";"Time_pred";"Method";"M"
"1";2,20979400184237;100;44,0200023651123;0,0542197227478027;"Algo";6
"2";NA;NA;0;0,00197172164916992;"One GP";6
"3";1,82364736576937;100;1,67547655105591;0,0611128807067871;"GPFDA";6
"4";2,0624188444078;100;186,030746221542;0,0396747589111328;"Algo";6
"5";NA;NA;0;0,00178813934326172;"One GP";6
"6";6,70717054924603;93,3333333333333;3,9623384475708;0,0511143207550049;"GPFDA";6
"7";2,1632960845758;83,3333333333333;39,7175476551056;0,121095657348633;"Algo";6
"8";NA;NA;0;0,00183296203613281;"One GP";6
"9";1,83716279996588;100;5,56489276885986;0,0915238857269287;"GPFDA";6
"10";8,22156659667704;100;96,6168727874756;0,0464198589324951;"Algo";6
"11";NA;NA;0;0,00185060501098633;"One GP";6
"12";7,36980676559482;100;2,35014891624451;0,0515904426574707;"GPFDA";6
"13";13,7594878055862;6,66666666666667;76,4395017623901;0,0836181640625;"Algo";6
"14";NA;NA;0;0,00165486335754395;"One GP";6
"15";8,4210232633126;100;2,48158717155457;0,0408668518066406;"GPFDA";6
"16";0,263434825986511;93,3333333333333;64,4889273643494;0,0307915210723877;"Algo";6
"17";NA;NA;0;0,00144052505493164;"One GP";6
"18";0,161795298595526;96,6666666666667;2,33368110656738;0,0398576259613037;"GPFDA";6
"19";2,15356634671546;100;46,497889995575;0,0311174392700195;"Algo";6
"20";NA;NA;0;0,00144171714782715;"One GP";6
"21";5,35802816224859;100;1,68468713760376;0,0395770072937012;"GPFDA";6
"22";0,257171785602737;100;86,901624917984;0,0309102535247803;"Algo";6
"23";NA;NA;0;0,00145554542541504;"One GP";6
"24";0,301682324361886;100;1,68383407592773;0,0388760566711426;"GPFDA";6
"25";10,6070798571603;100;41,5344157218933;0,0762989521026611;"Algo";6
"26";NA;NA;0;0,0017249584197998;"One GP";6
"27";6,56156305452294;100;4,59525561332703;0,0451591014862061;"GPFDA";6
"28";0,809631968069513;80;199,438510656357;0,112136840820312;"Algo";6
"29";NA;NA;0;0,00210928916931152;"One GP";6
"30";1,66308825861599;80;2,35373282432556;0,0616698265075684;"GPFDA";6
"31";0,956244078522978;100;55,4587399959564;0,0749785900115967;"Algo";6
"32";NA;NA;0;0,00169086456298828;"One GP";6
"33";2,90543193634425;100;1,5162148475647;0,0487298965454102;"GPFDA";6
"34";27,3081919661994;3,33333333333333;61,7476637363434;0,0503263473510742;"Algo";6
"35";NA;NA;0;0,00173830986022949;"One GP";6
"36";3,50455541959285;100;5,42088270187378;0,0463593006134033;"GPFDA";6
"37";1,04326363568588;100;59,719574213028;0,0365691184997559;"Algo";6
"38";NA;NA;0;0,0016791820526123;"One GP";6
"39";1,38573644033549;100;5,4268114566803;0,0490059852600098;"GPFDA";6
"40";0,838550257717926;100;70,488677740097;0,0648434162139893;"Algo";6
"41";NA;NA;0;0,00151991844177246;"One GP";6
"42";1,10663165111362;100;3,3033983707428;0,0440382957458496;"GPFDA";6
"43";7,96174739288712;56,6666666666667;84,3756070137024;0,0331337451934814;"Algo";6
"44";NA;NA;0;0,0176057815551758;"One GP";6
"45";12,3388383314174;73,3333333333333;2,94856977462769;0,0417137145996094;"GPFDA";6
"46";0,401666736365714;100;51,4885411262512;0,0315382480621338;"Algo";6
"47";NA;NA;0;0,00145363807678223;"One GP";6
"48";0,765178948593776;100;3,28054022789001;0,0390362739562988;"GPFDA";6
"49";2,62953116471041;80;46,960706949234;0,0311930179595947;"Algo";6
"50";NA;NA;0;0,00146818161010742;"One GP";6
"51";2,82697949190086;90;4,07034373283386;0,0398626327514648;"GPFDA";6
"52";17,7400001189228;20;55,4697797298431;0,0316526889801025;"Algo";6
"53";NA;NA;0;0,00149154663085938;"One GP";6
"54";5,10370228531037;100;1,93940091133118;0,0516314506530762;"GPFDA";6
"55";1,75417836696432;83,3333333333333;31,22221326828;0,0323488712310791;"Algo";6
"56";NA;NA;0;0,00149250030517578;"One GP";6
"57";0,405459818644645;100;2,77814531326294;0,0391027927398682;"GPFDA";6
"58";0,0758363798429321;100;70,3769657611847;0,0313258171081543;"Algo";6
"59";NA;NA;0;0,00147724151611328;"One GP";6
"60";0,102201225983415;100;4,54416584968567;0,0562705993652344;"GPFDA";6
"61";5,53322429850475;90;48,7982487678528;0,031146764755249;"Algo";6
"62";NA;NA;0;0,00147080421447754;"One GP";6
"63";4,53320348173176;100;2,21299052238464;0,0390522480010986;"GPFDA";6
"64";28,3359761166433;80;43,4927775859833;0,0950450897216797;"Algo";6
"65";NA;NA;0;0,00147438049316406;"One GP";6
"66";13,0419381680567;100;3,60625529289246;0,0392043590545654;"GPFDA";6
"67";0,268842452762692;100;195,315318822861;0,0311708450317383;"Algo";6
"68";NA;NA;0;0,00147652626037598;"One GP";6
"69";0,240397861928164;100;3,74411368370056;0,0391619205474854;"GPFDA";6
"70";1,93297723765898;66,6666666666667;78,8822400569916;0,0309295654296875;"Algo";6
"71";NA;NA;0;0,00146126747131348;"One GP";6
"72";4,54584799721403;96,6666666666667;4,37825512886047;0,0391590595245361;"GPFDA";6
"73";1,39924565081948;86,6666666666667;186,815668582916;0,031109094619751;"Algo";6
"74";NA;NA;0;0,00147247314453125;"One GP";6
"75";1,46479993215714;100;5,94860291481018;0,0564556121826172;"GPFDA";6
"76";50,8479243108467;30;67,5296409130096;0,102202892303467;"Algo";6
"77";NA;NA;0;0,00140142440795898;"One GP";6
"78";76,0945989433561;93,3333333333333;9,06717848777771;0,104065656661987;"GPFDA";6
"79";0,351057956605168;100;50,0368549823761;0,103113651275635;"Algo";6
"80";NA;NA;0;0,00139474868774414;"One GP";6
"81";1,46569084293112;100;4,44331622123718;0,0376296043395996;"GPFDA";6
"82";7,57420720003958;26,6666666666667;96,0026476383209;0,0308544635772705;"Algo";6
"83";NA;NA;0;0,00143694877624512;"One GP";6
"84";33,3008897689828;100;5,05697870254517;0,037635326385498;"GPFDA";6
"85";0,593466108388618;100;224,966177225113;0,0333116054534912;"Algo";6
"86";NA;NA;0;0,0014193058013916;"One GP";6
"87";0,707705385298038;100;4,20462012290955;0,0390510559082031;"GPFDA";6
"88";13,7365927811392;26,6666666666667;65,9558279514313;0,0433344841003418;"Algo";6
"89";NA;NA;0;0,00143241882324219;"One GP";6
"90";1,76016550245785;100;1,91033697128296;0,055600643157959;"GPFDA";6
"91";5,56887028112263;100;42,1172349452972;0,030895471572876;"Algo";6
"92";NA;NA;0;0,00142717361450195;"One GP";6
"93";11,2598817942266;100;0,896474599838257;0,0398788452148438;"GPFDA";6
"94";8,43954577880732;100;42,7270164489746;0,031609058380127;"Algo";6
"95";NA;NA;0;0,00141716003417969;"One GP";6
"96";0,159648682565316;100;3,24349355697632;0,0380101203918457;"GPFDA";6
"97";6,82810309878648;33,3333333333333;86,9586205482483;0,0324907302856445;"Algo";6
"98";NA;NA;0;0,00143527984619141;"One GP";6
"99";0,97951648665865;100;1,0628981590271;0,0393204689025879;"GPFDA";6
"100";2,91851068738068;100;91,9385511875153;0,0307052135467529;"Algo";6
"101";NA;NA;0;0,00142645835876465;"One GP";6
"102";6,8145708979592;100;5,88083553314209;0,0395596027374268;"GPFDA";6
"103";3,96116865843956;100;28,4337778091431;0,0707855224609375;"Algo";6
"104";NA;NA;0;0,00144004821777344;"One GP";6
"105";3,65288204522936;100;5,04784607887268;0,0864911079406738;"GPFDA";6
"106";10,3135071074225;46,6666666666667;49,0791239738464;0,0311002731323242;"Algo";6
"107";NA;NA;0;0,00148987770080566;"One GP";6
"108";1,73257170688026;100;2,87080788612366;0,0393252372741699;"GPFDA";6
"109";0,0873505155766669;100;46,5107202529907;0,0315389633178711;"Algo";6
"110";NA;NA;0;0,00144362449645996;"One GP";6
"111";0,120030229368007;100;1,22326827049255;0,0382928848266602;"GPFDA";6
"112";19,4613296904862;53,3333333333333;38,3833155632019;0,0311808586120605;"Algo";6
"113";NA;NA;0;0,00140047073364258;"One GP";6
"114";8,18852289861333;100;2,96420431137085;0,0384550094604492;"GPFDA";6
"115";10,1136040333256;100;33,2473692893982;0,0309441089630127;"Algo";6
"116";NA;NA;0;0,00141358375549316;"One GP";6
"117";4,37725483681026;100;2,94958734512329;0,037621021270752;"GPFDA";6
"118";0,0661602474227734;100;57,8367726802826;0,0308187007904053;"Algo";6
"119";NA;NA;0;0,00142693519592285;"One GP";6
"120";1,1502413031199;100;5,34825944900513;0,0548152923583984;"GPFDA";6
"121";12,5633334680713;16,6666666666667;52,0803081989288;0,0311577320098877;"Algo";6
"122";NA;NA;0;0,00144815444946289;"One GP";6
"123";9,27359540622864;100;3,9233832359314;0,0386083126068115;"GPFDA";6
"124";0,384165607815249;86,6666666666667;68,3462290763855;0,0312600135803223;"Algo";6
"125";NA;NA;0;0,00174522399902344;"One GP";6
"126";0,415006041167455;100;5,97595977783203;0,0376665592193604;"GPFDA";6
"127";1,9802480614474;100;54,139904499054;0,0304439067840576;"Algo";6
"128";NA;NA;0;0,00141525268554688;"One GP";6
"129";4,03582922283679;100;4,72211050987244;0,0708999633789062;"GPFDA";6
"130";1,72262040767702;96,6666666666667;42,090788602829;0,100197315216064;"Algo";6
"131";NA;NA;0;0,00140929222106934;"One GP";6
"132";1,77949808548664;100;3,46009182929993;0,0478899478912354;"GPFDA";6
"133";0,376997784143737;100;49,1048874855042;0,0305111408233643;"Algo";6
"134";NA;NA;0;0,00141763687133789;"One GP";6
"135";0,270614562717194;100;3,91816449165344;0,0537571907043457;"GPFDA";6
"136";5,89966929044738;100;43,1124114990234;0,0307390689849854;"Algo";6
"137";NA;NA;0;0,00144505500793457;"One GP";6
"138";17,5983370683763;100;1,61208868026733;0,0383749008178711;"GPFDA";6
"139";0,406063660849796;100;43,5035643577576;0,0339441299438477;"Algo";6
"140";NA;NA;0;0,00142455101013184;"One GP";6
"141";0,496510419988277;100;3,86750817298889;0,0378687381744385;"GPFDA";6
"142";4,21685173817331;93,3333333333333;53,4707651138306;0,0304191112518311;"Algo";6
"143";NA;NA;0;0,00140547752380371;"One GP";6
"144";1,24623620922559;100;1,6226704120636;0,0381221771240234;"GPFDA";6
"145";0,724907408658276;80;382,729202985764;0,0311214923858643;"Algo";6
"146";NA;NA;0;0,00139808654785156;"One GP";6
"147";1,59920808680806;100;3,11451625823975;0,0380451679229736;"GPFDA";6
"148";1,48863282439923;100;69,1645193099976;0,0321943759918213;"Algo";6
"149";NA;NA;0;0,00142168998718262;"One GP";6
"150";2,16151273152048;100;4,29286599159241;0,0542256832122803;"GPFDA";6
"151";15,5489891362889;43,3333333333333;188,969161272049;0,0501525402069092;"Algo";6
"152";NA;NA;0;0,00143170356750488;"One GP";6
"153";15,933846554129;100;3,74304223060608;0,0780155658721924;"GPFDA";6
"154";3,12696053007594;90;44,2955284118652;0,0556161403656006;"Algo";6
"155";NA;NA;0;0,00142478942871094;"One GP";6
"156";4,22709277865385;100;2,85308361053467;0,0376942157745361;"GPFDA";6
"157";0,437522633226752;100;37,4871611595154;0,0303440093994141;"Algo";6
"158";NA;NA;0;0,00144624710083008;"One GP";6
"159";1,13900007451886;100;3,05515050888062;0,0380356311798096;"GPFDA";6
"160";174,120137345737;13,3333333333333;90,0637829303741;0,0307106971740723;"Algo";6
"161";NA;NA;0;0,00141429901123047;"One GP";6
"162";16,6419514633036;100;4,71749639511108;0,037912130355835;"GPFDA";6
"163";0,363042651297117;100;111,845580101013;0,0328140258789062;"Algo";6
"164";NA;NA;0;0,00141501426696777;"One GP";6
"165";0,924107245359897;100;3,19043445587158;0,0538961887359619;"GPFDA";6
"166";2,33725903925966;100;52,5256905555725;0,0310137271881104;"Algo";6
"167";NA;NA;0;0,00139498710632324;"One GP";6
"168";2,63088946246435;100;2,65180373191833;0,0383236408233643;"GPFDA";6
"169";1,96895630026534;93,3333333333333;47,6331295967102;0,0306458473205566;"Algo";6
"170";NA;NA;0;0,00142979621887207;"One GP";6
"171";1,34721315956936;100;5,6961658000946;0,0413632392883301;"GPFDA";6
"172";2,19539871957725;100;47,3868119716644;0,0558905601501465;"Algo";6
"173";NA;NA;0;0,00223922729492188;"One GP";6
"174";6,70612960708679;100;1,29101085662842;0,0378966331481934;"GPFDA";6
"175";0,543844975151128;96,6666666666667;74,5069921016693;0,0307579040527344;"Algo";6
"176";NA;NA;0;0,00142669677734375;"One GP";6
"177";1,04725913047278;100;3,90296268463135;0,0388247966766357;"GPFDA";6
"178";0,634953331652853;96,6666666666667;113,331234693527;0,056241512298584;"Algo";6
"179";NA;NA;0;0,00141072273254395;"One GP";6
"180";2,30882168308433;96,6666666666667;4,53922748565674;0,0553722381591797;"GPFDA";6
"181";0,488419009665483;70;61,9939849376678;0,111622095108032;"Algo";6
"182";NA;NA;0;0,00143575668334961;"One GP";6
"183";0,395896963660638;100;6,10749077796936;0,0389554500579834;"GPFDA";6
"184";10,1083338884066;100;77,948157787323;0,0311956405639648;"Algo";6
"185";NA;NA;0;0,00143265724182129;"One GP";6
"186";32,7224979059213;100;1,99063444137573;0,0391390323638916;"GPFDA";6
"187";11,3158550172654;0;96,3165085315704;0,0307745933532715;"Algo";6
"188";NA;NA;0;0,00145339965820312;"One GP";6
"189";9,59944369555896;100;6,72263669967651;0,03849196434021;"GPFDA";6
"190";4,64727221706914;63,3333333333333;35,1322104930878;0,0309276580810547;"Algo";6
"191";NA;NA;0;0,00143790245056152;"One GP";6
"192";3,34320009290477;100;4,7345507144928;0,0422413349151611;"GPFDA";6
"193";1,93005827380431;63,3333333333333;42,0146014690399;0,0554959774017334;"Algo";6
"194";NA;NA;0;0,0014641284942627;"One GP";6
"195";1,56843704518408;76,6666666666667;4,39678359031677;0,0418310165405273;"GPFDA";6
"196";1,91425085471432;90;154,984176874161;0,033104419708252;"Algo";6
"197";NA;NA;0;0,00147485733032227;"One GP";6
"198";2,86207018508769;100;5,18933606147766;0,0390565395355225;"GPFDA";6
"199";9,88299303399857;100;50,7472884654999;0,12946629524231;"Algo";6
"200";NA;NA;0;0,00143527984619141;"One GP";6
"201";3,75764554165214;100;1,79637718200684;0,0417261123657227;"GPFDA";6
"202";0,939213705634121;100;57,1193675994873;0,180377721786499;"Algo";6
"203";NA;NA;0;0,00146031379699707;"One GP";6
"204";3,70612057076565;86,6666666666667;3,16960668563843;0,0397839546203613;"GPFDA";6
"205";3,95426778007499;80;80,6213583946228;0,087343692779541;"Algo";6
"206";NA;NA;0;0,00142741203308105;"One GP";6
"207";3,17170056990971;100;3,8537278175354;0,0380351543426514;"GPFDA";6
"208";7,87981979585728;80;110,53239941597;0,0308048725128174;"Algo";6
"209";NA;NA;0;0,00141620635986328;"One GP";6
"210";5,03789090368879;100;1,49603652954102;0,0382606983184814;"GPFDA";6
"211";10,1043331555402;33,3333333333333;91,8712236881256;0,0316498279571533;"Algo";6
"212";NA;NA;0;0,00154566764831543;"One GP";6
"213";5,45988359227726;86,6666666666667;5,07227420806885;0,0554745197296143;"GPFDA";6
"214";0,742671954445176;96,6666666666667;80,6773564815521;0,1420578956604;"Algo";6
"215";NA;NA;0;0,00140261650085449;"One GP";6
"216";3,04071250038005;73,3333333333333;2,95461106300354;0,0383193492889404;"GPFDA";6
"217";31,593045218932;56,6666666666667;49,0782582759857;0,0436394214630127;"Algo";6
"218";NA;NA;0;0,00142121315002441;"One GP";6
"219";23,4483099665599;100;4,51046943664551;0,0397500991821289;"GPFDA";6
"220";25,9031709706883;46,6666666666667;21,9540600776672;0,0320186614990234;"Algo";6
"221";NA;NA;0;0,00140595436096191;"One GP";6
"222";8,98219604524919;100;4,31627511978149;0,0395443439483643;"GPFDA";6
"223";3,35620325606406;100;45,0957918167114;0,0305683612823486;"Algo";6
"224";NA;NA;0;0,00139307975769043;"One GP";6
"225";9,75562751333308;100;4,1839919090271;0,0375139713287354;"GPFDA";6
"226";12,2319121265264;40;74,4876246452332;0,0338499546051025;"Algo";6
"227";NA;NA;0;0,00142669677734375;"One GP";6
"228";3,15705816384966;100;1,86009740829468;0,253596305847168;"GPFDA";6
"229";0,632335309423043;100;42,8651428222656;0,0476710796356201;"Algo";6
"230";NA;NA;0;0,00167703628540039;"One GP";6
"231";1,45063727505602;100;3,36611366271973;0,0508465766906738;"GPFDA";6
"232";1,38059912594269;100;35,3629107475281;0,0363395214080811;"Algo";6
"233";NA;NA;0;0,00171828269958496;"One GP";6
"234";3,3115394334835;100;3,5788836479187;0,0471217632293701;"GPFDA";6
"235";0,530024538992314;100;53,6862773895264;0,0354914665222168;"Algo";6
"236";NA;NA;0;0,00160741806030273;"One GP";6
"237";0,878842800936208;100;1,61137461662292;0,0601677894592285;"GPFDA";6
"238";12,747193021293;13,3333333333333;111,001095294952;0,0355226993560791;"Algo";6
"239";NA;NA;0;0,00164985656738281;"One GP";6
"240";0,336032821528755;100;4,55852699279785;0,0443546772003174;"GPFDA";6
"241";1,33707054265849;100;144,075943470001;0,0356650352478027;"Algo";6
"242";NA;NA;0;0,00158095359802246;"One GP";6
"243";0,545241965679334;100;2,26925325393677;0,0437281131744385;"GPFDA";6
"244";1,45536376794766;83,3333333333333;49,3483290672302;0,0327475070953369;"Algo";6
"245";NA;NA;0;0,00146937370300293;"One GP";6
"246";2,07346810061935;93,3333333333333;2,17544865608215;0,0568492412567139;"GPFDA";6
"247";2,9973281128136;96,6666666666667;78,9907846450806;0,0312962532043457;"Algo";6
"248";NA;NA;0;0,00146913528442383;"One GP";6
"249";4,19620932009559;90;5,66467452049255;0,039804220199585;"GPFDA";6
"250";3,5647839880443;83,3333333333333;165,396567106247;0,0311317443847656;"Algo";6
"251";NA;NA;0;0,0014650821685791;"One GP";6
"252";3,48676414232128;100;1,1674656867981;0,0409538745880127;"GPFDA";6
"253";7,80747951459187;86,6666666666667;231,614548683167;0,0320775508880615;"Algo";6
"254";NA;NA;0;0,00147390365600586;"One GP";6
"255";8,70970789420064;100;4,04415392875671;0,0756945610046387;"GPFDA";6
"256";2,61733986983826;100;42,6004779338837;0,0316014289855957;"Algo";6
"257";NA;NA;0;0,0014808177947998;"One GP";6
"258";12,4121478244533;93,3333333333333;5,41041398048401;0,0397217273712158;"GPFDA";6
"259";0,813234972558572;100;54,9205560684204;0,0320959091186523;"Algo";6
"260";NA;NA;0;0,00147533416748047;"One GP";6
"261";1,09688411630993;100;1,60345315933228;0,0526673793792725;"GPFDA";6
"262";20,9281463691407;66,6666666666667;89,733794927597;0,0486304759979248;"Algo";6
"263";NA;NA;0;0,00163769721984863;"One GP";6
"264";37,3637176195542;73,3333333333333;6,3928644657135;0,0419278144836426;"GPFDA";6
"265";14,1064200349154;100;64,2358186244965;0,0605978965759277;"Algo";6
"266";NA;NA;0;0,00146174430847168;"One GP";6
"267";14,309273514727;100;2,4525203704834;0,0405979156494141;"GPFDA";6
"268";8,50758086078986;70;32,0869030952454;0,031879186630249;"Algo";6
"269";NA;NA;0;0,00147414207458496;"One GP";6
"270";8,3293422006671;100;2,9349148273468;0,0399031639099121;"GPFDA";6
"271";2,03884868502929;100;50,8653829097748;0,0372822284698486;"Algo";6
"272";NA;NA;0;0,0014641284942627;"One GP";6
"273";0,614085242242148;100;5,28873610496521;0,0392346382141113;"GPFDA";6
"274";0,563588556113318;96,6666666666667;54,7906091213226;0,0310943126678467;"Algo";6
"275";NA;NA;0;0,00145339965820312;"One GP";6
"276";1,41018602168513;100;6,22639083862305;0,0604269504547119;"GPFDA";6
"277";2,98320695949841;100;36,7059998512268;0,0657997131347656;"Algo";6
"278";NA;NA;0;0,00147867202758789;"One GP";6
"279";2,3702770837145;100;3,53548240661621;0,0558731555938721;"GPFDA";6
"280";1,00198915163444;80;147,482846260071;0,0333201885223389;"Algo";6
"281";NA;NA;0;0,00146746635437012;"One GP";6
"282";1,48551577031856;86,6666666666667;3,43177795410156;0,0405635833740234;"GPFDA";6
"283";6,64785676399227;100;145,164895534515;0,0316066741943359;"Algo";6
"284";NA;NA;0;0,00147700309753418;"One GP";6
"285";5,24413895031188;100;5,49693012237549;0,0558023452758789;"GPFDA";6
"286";40,2672590896505;3,33333333333333;50,2123944759369;0,031879186630249;"Algo";6
"287";NA;NA;0;0,0014641284942627;"One GP";6
"288";9,12428497658246;100;2,27227067947388;0,0403473377227783;"GPFDA";6
"289";0,776381297100087;83,3333333333333;142,991316556931;0,0314362049102783;"Algo";6
"290";NA;NA;0;0,00145244598388672;"One GP";6
"291";0,757629388791286;86,6666666666667;5,13126564025879;0,0402367115020752;"GPFDA";6
"292";131,896984128576;0;82,8623604774475;0,0319144725799561;"Algo";6
"293";NA;NA;0;0,00146579742431641;"One GP";6
"294";7,33639370176329;100;2,60359191894531;0,0398955345153809;"GPFDA";6
"295";59,5684841114482;90;56,6809222698212;0,0315496921539307;"Algo";6
"296";NA;NA;0;0,00147509574890137;"One GP";6
"297";106,604764760456;100;2,87259602546692;0,0779695510864258;"GPFDA";6
"298";11,2730446598002;13,3333333333333;133,430223464966;0,0311894416809082;"Algo";6
"299";NA;NA;0;0,00147104263305664;"One GP";6
"300";1,1885943190681;100;0,955189943313599;0,0396990776062012;"GPFDA";6
"301";1,38143201719284;100;43,81685090065;0,0579526424407959;"Algo";11
"302";NA;NA;0;0,00145912170410156;"One GP";11
"303";3,14690203014009;100;2,36602663993835;0,0571343898773193;"GPFDA";11
"304";1,28398364514083;60;107,224094867706;0,0877361297607422;"Algo";11
"305";NA;NA;0;0,0016624927520752;"One GP";11
"306";0,763697789172197;100;6,90921139717102;0,072899341583252;"GPFDA";11
"307";0,816233455050085;100;76,7709383964539;0,0571005344390869;"Algo";11
"308";NA;NA;0;0,00146746635437012;"One GP";11
"309";1,05335775663833;100;6,55763721466064;0,0541143417358398;"GPFDA";11
"310";10,1555105376166;66,6666666666667;87,1510343551636;0,057713508605957;"Algo";11
"311";NA;NA;0;0,00143742561340332;"One GP";11
"312";19,8601994979788;100;5,45456552505493;0,0542464256286621;"GPFDA";11
"313";1,23248055189744;100;57,6414620876312;0,165767192840576;"Algo";11
"314";NA;NA;0;0,00147771835327148;"One GP";11
"315";0,394556186987154;100;8,59430265426636;0,0567758083343506;"GPFDA";11
"316";9,66920928357802;100;67,0289342403412;0,0600500106811523;"Algo";11
"317";NA;NA;0;0,00147891044616699;"One GP";11
"318";5,76296110812207;100;5,17902255058289;0,0753724575042725;"GPFDA";11
"319";2,94541423617616;100;54,8931543827057;0,0574724674224854;"Algo";11
"320";NA;NA;0;0,00144529342651367;"One GP";11
"321";7,97119240579137;100;7,99893999099731;0,0680949687957764;"GPFDA";11
"322";0,485054056243539;93,3333333333333;171,68224811554;0,0566468238830566;"Algo";11
"323";NA;NA;0;0,00144839286804199;"One GP";11
"324";0,564745362943867;100;4,96085834503174;0,0564296245574951;"GPFDA";11
"325";0,799447133303263;96,6666666666667;94,1154491901398;0,0566775798797607;"Algo";11
"326";NA;NA;0;0,00145220756530762;"One GP";11
"327";2,10243856906635;100;4,28240704536438;0,053990364074707;"GPFDA";11
"328";0,531952946165883;96,6666666666667;167,144707202911;0,493860006332397;"Algo";11
"329";NA;NA;0;0,00146579742431641;"One GP";11
"330";0,858247143512707;100;5,08196616172791;0,0900387763977051;"GPFDA";11
"331";11,7722337562895;36,6666666666667;62,3823931217194;0,0676429271697998;"Algo";11
"332";NA;NA;0;0,0014653205871582;"One GP";11
"333";7,51235970652204;100;5,41789126396179;0,0550663471221924;"GPFDA";11
"334";1,48524692025569;90;70,6569843292236;0,0579860210418701;"Algo";11
"335";NA;NA;0;0,00145244598388672;"One GP";11
"336";1,46141908308201;100;4,55890583992004;0,0548546314239502;"GPFDA";11
"337";15,0971204695925;30;48,2244439125061;0,126507997512817;"Algo";11
"338";NA;NA;0;0,00145864486694336;"One GP";11
"339";14,9235189610318;100;2,77069783210754;0,0543947219848633;"GPFDA";11
"340";2,25288710610016;76,6666666666667;82,1676821708679;0,0628824234008789;"Algo";11
"341";NA;NA;0;0,00152492523193359;"One GP";11
"342";1,12286079849988;100;9,11718344688416;0,077603816986084;"GPFDA";11
"343";6,43000418133169;83,3333333333333;91,2315640449524;0,0575556755065918;"Algo";11
"344";NA;NA;0;0,00146865844726562;"One GP";11
"345";5,12260966024207;100;7,78817057609558;0,0542221069335938;"GPFDA";11
"346";9,83509699194805;50;49,3934011459351;0,0576815605163574;"Algo";11
"347";NA;NA;0;0,00143718719482422;"One GP";11
"348";11,3149307573299;100;8,1713342666626;0,0670595169067383;"GPFDA";11
"349";1,41472088147937;100;45,2771973609924;0,0604653358459473;"Algo";11
"350";NA;NA;0;0,00147342681884766;"One GP";11
"351";2,32014652484905;100;4,9726984500885;0,0537960529327393;"GPFDA";11
"352";1,28026200245891;80;83,5259232521057;0,057464599609375;"Algo";11
"353";NA;NA;0;0,00146055221557617;"One GP";11
"354";19,7097228823814;76,6666666666667;10,4938232898712;0,0722298622131348;"GPFDA";11
"355";0,593954079750227;73,3333333333333;51,3541491031647;0,130650520324707;"Algo";11
"356";NA;NA;0;0,00173735618591309;"One GP";11
"357";0,154624303051282;100;8,43121933937073;0,0639569759368896;"GPFDA";11
"358";0,192833171050657;96,6666666666667;183,665854454041;0,0734622478485107;"Algo";11
"359";NA;NA;0;0,00174713134765625;"One GP";11
"360";0,927877329769396;100;5,12213706970215;0,0705668926239014;"GPFDA";11
"361";0,617830675698751;86,6666666666667;77,4361283779144;0,0682926177978516;"Algo";11
"362";NA;NA;0;0,00171518325805664;"One GP";11
"363";0,177994180111276;100;3,03133845329285;0,0821762084960938;"GPFDA";11
"364";66,8147904749563;23,3333333333333;77,6926472187042;0,0910167694091797;"Algo";11
"365";NA;NA;0;0,00163173675537109;"One GP";11
"366";10,2986050341797;100;3,72486639022827;0,146194458007812;"GPFDA";11
"367";0,137687552513545;100;96,5076224803925;0,059302806854248;"Algo";11
"368";NA;NA;0;0,00153803825378418;"One GP";11
"369";0,265534342780484;100;5,85264468193054;0,0579860210418701;"GPFDA";11
"370";1,4403131039494;100;65,5740649700165;0,0569872856140137;"Algo";11
"371";NA;NA;0;0,00143623352050781;"One GP";11
"372";1,74676350607377;100;4,90342688560486;0,0531191825866699;"GPFDA";11
"373";2,6502071286324;6,66666666666667;84,5032002925873;0,055983304977417;"Algo";11
"374";NA;NA;0;0,00145697593688965;"One GP";11
"375";0,653003737477058;100;3,68272614479065;0,0542922019958496;"GPFDA";11
"376";1,21969824627685;100;109,070590019226;0,0601541996002197;"Algo";11
"377";NA;NA;0;0,00147509574890137;"One GP";11
"378";1,8981153170932;100;7,08272290229797;0,0703678131103516;"GPFDA";11
"379";0,656246304664411;100;61,6850278377533;0,0690979957580566;"Algo";11
"380";NA;NA;0;0,0014195442199707;"One GP";11
"381";0,160703917671412;100;9,81563591957092;0,0743486881256104;"GPFDA";11
"382";0,0683967305805925;100;106,400289773941;0,145537614822388;"Algo";11
"383";NA;NA;0;0,0014493465423584;"One GP";11
"384";0,135819215103857;100;6,87909269332886;0,0533950328826904;"GPFDA";11
"385";0,0605307548575586;100;101,778426647186;0,060321569442749;"Algo";11
"386";NA;NA;0;0,0014348030090332;"One GP";11
"387";0,136850389017708;100;3,53094387054443;0,0529181957244873;"GPFDA";11
"388";0,578726118255253;100;71,4865484237671;0,0609045028686523;"Algo";11
"389";NA;NA;0;0,00145220756530762;"One GP";11
"390";1,13304599918463;100;2,87964105606079;0,0709609985351562;"GPFDA";11
"391";1,10323471921754;100;152,888376235962;0,0569784641265869;"Algo";11
"392";NA;NA;0;0,0014503002166748;"One GP";11
"393";1,51481647004592;100;3,40729665756226;0,0734043121337891;"GPFDA";11
"394";14,0984747227344;43,3333333333333;107,763657331467;0,0626347064971924;"Algo";11
"395";NA;NA;0;0,00144290924072266;"One GP";11
"396";14,2291638471039;100;4,39093708992004;0,0623807907104492;"GPFDA";11
"397";2,22092680149032;93,3333333333333;115,293973207474;0,069371223449707;"Algo";11
"398";NA;NA;0;0,00158143043518066;"One GP";11
"399";1,65652596632499;100;8,35864543914795;0,0538070201873779;"GPFDA";11
"400";0,136092930808118;100;80,5938138961792;0,062387228012085;"Algo";11
"401";NA;NA;0;0,00144314765930176;"One GP";11
"402";0,110995804587481;100;4,30034828186035;0,0737056732177734;"GPFDA";11
"403";0,218591376224497;100;79,6355624198914;0,0561156272888184;"Algo";11
"404";NA;NA;0;0,00142574310302734;"One GP";11
"405";1,56512432952929;100;2,87344360351562;0,0527300834655762;"GPFDA";11
"406";1,5565069801965;100;45,3240785598755;0,0614833831787109;"Algo";11
"407";NA;NA;0;0,00145316123962402;"One GP";11
"408";1,16054342225342;100;2,81232261657715;0,0524849891662598;"GPFDA";11
"409";0,103919392259169;100;68,7774512767792;0,0561354160308838;"Algo";11
"410";NA;NA;0;0,00140810012817383;"One GP";11
"411";0,361854420882527;100;12,0491449832916;0,0548319816589355;"GPFDA";11
"412";4,33168609475995;20;123,890790224075;0,0560989379882812;"Algo";11
"413";NA;NA;0;0,00145483016967773;"One GP";11
"414";0,145647157108702;100;4,59391045570374;0,0712461471557617;"GPFDA";11
"415";0,448888041979416;100;67,1102330684662;0,0707828998565674;"Algo";11
"416";NA;NA;0;0,00142478942871094;"One GP";11
"417";0,488845046062915;100;5,8433723449707;0,0528252124786377;"GPFDA";11
"418";11,2211867128517;60;83,345192193985;0,0597031116485596;"Algo";11
"419";NA;NA;0;0,00145459175109863;"One GP";11
"420";3,414863769097;100;8,90157675743103;0,0552036762237549;"GPFDA";11
"421";3,17768826857054;100;68,6799404621124;0,0560784339904785;"Algo";11
"422";NA;NA;0;0,00140070915222168;"One GP";11
"423";4,92168204410857;100;5,91648864746094;0,0527920722961426;"GPFDA";11
"424";0,403798992696252;100;58,6998703479767;0,0978577136993408;"Algo";11
"425";NA;NA;0;0,00144457817077637;"One GP";11
"426";9,07928916258331;100;10,4720442295074;0,0791237354278564;"GPFDA";11
"427";1,07020773544927;80;77,7885200977325;0,0560574531555176;"Algo";11
"428";NA;NA;0;0,0014193058013916;"One GP";11
"429";2,30562678786826;100;11,2554757595062;0,0545554161071777;"GPFDA";11
"430";0,141454033189271;100;88,8308324813843;0,0560364723205566;"Algo";11
"431";NA;NA;0;0,00142574310302734;"One GP";11
"432";0,152294919544339;100;8,65606260299683;0,0526254177093506;"GPFDA";11
"433";1,89607718211613;100;89,2904176712036;0,0560007095336914;"Algo";11
"434";NA;NA;0;0,00140810012817383;"One GP";11
"435";4,36951003037033;100;9,84596729278564;0,069488525390625;"GPFDA";11
"436";0,911409993281039;73,3333333333333;70,5722281932831;0,058488130569458;"Algo";11
"437";NA;NA;0;0,00143170356750488;"One GP";11
"438";0,249050737540196;100;5,13754987716675;0,0698578357696533;"GPFDA";11
"439";0,187988348354171;93,3333333333333;99,2879779338837;0,0591959953308105;"Algo";11
"440";NA;NA;0;0,00142431259155273;"One GP";11
"441";0,184353032446154;100;7,40064644813538;0,0540175437927246;"GPFDA";11
"442";0,797024896931458;100;40,430983543396;0,0582699775695801;"Algo";11
"443";NA;NA;0;0,00142168998718262;"One GP";11
"444";0,560040663823225;100;4,74468564987183;0,0541582107543945;"GPFDA";11
"445";2,08576125376283;76,6666666666667;63,9881229400635;0,0557005405426025;"Algo";11
"446";NA;NA;0;0,00139403343200684;"One GP";11
"447";1,74256452872478;100;6,38486814498901;0,0527470111846924;"GPFDA";11
"448";4,12328458842342;100;57,6231203079224;0,156176805496216;"Algo";11
"449";NA;NA;0;0,00144100189208984;"One GP";11
"450";1,87732212431051;100;2,9211745262146;0,0734553337097168;"GPFDA";11
"451";0,839832475241263;100;55,1282820701599;0,0659081935882568;"Algo";11
"452";NA;NA;0;0,00140166282653809;"One GP";11
"453";0,678828450416607;100;10,7899284362793;0,0527350902557373;"GPFDA";11
"454";1,52245273765148;100;107,140965223312;0,0797030925750732;"Algo";11
"455";NA;NA;0;0,00143146514892578;"One GP";11
"456";3,24642966364693;100;2,30812478065491;0,0527951717376709;"GPFDA";11
"457";1,49996558391488;90;67,8546917438507;0,0848655700683594;"Algo";11
"458";NA;NA;0;0,00142645835876465;"One GP";11
"459";1,51838630113477;100;8,21422171592712;0,05320143699646;"GPFDA";11
"460";0,389355882937266;100;45,4776952266693;0,0565853118896484;"Algo";11
"461";NA;NA;0;0,00155067443847656;"One GP";11
"462";0,398441806411274;100;4,7615966796875;0,171953439712524;"GPFDA";11
"463";0,459558713795488;100;153,038437843323;0,1058349609375;"Algo";11
"464";NA;NA;0;0,00145578384399414;"One GP";11
"465";1,08136077705263;100;7,59198117256165;0,13140344619751;"GPFDA";11
"466";0,169711168290788;100;66,3615591526031;0,0562748908996582;"Algo";11
"467";NA;NA;0;0,00142407417297363;"One GP";11
"468";0,0627728794438318;100;5,18056440353394;0,0529100894927979;"GPFDA";11
"469";1,29591603398879;83,3333333333333;54,7506859302521;0,0559284687042236;"Algo";11
"470";NA;NA;0;0,00142049789428711;"One GP";11
"471";1,57767363514602;100;2,78852534294128;0,0531492233276367;"GPFDA";11
"472";0,286683481653542;96,6666666666667;87,6557965278625;0,0976312160491943;"Algo";11
"473";NA;NA;0;0,00144004821777344;"One GP";11
"474";0,247616385270499;100;4,32706737518311;0,0827081203460693;"GPFDA";11
"475";8,10524417451284;100;51,8188226222992;0,0563702583312988;"Algo";11
"476";NA;NA;0;0,00142145156860352;"One GP";11
"477";6,78166762784683;100;8,26229023933411;0,0530440807342529;"GPFDA";11
"478";0,236200165351563;100;105,849443912506;0,0561602115631104;"Algo";11
"479";NA;NA;0;0,0014185905456543;"One GP";11
"480";0,953100904204834;100;6,10403203964233;0,0529220104217529;"GPFDA";11
"481";0,247766938386561;100;59,7937166690826;0,0560276508331299;"Algo";11
"482";NA;NA;0;0,00140666961669922;"One GP";11
"483";0,731381409732943;100;7,98477530479431;0,0666394233703613;"GPFDA";11
"484";2,17510582425065;80;50,5645394325256;0,0602095127105713;"Algo";11
"485";NA;NA;0;0,00154995918273926;"One GP";11
"486";2,68499994930807;100;6,54774379730225;0,0723614692687988;"GPFDA";11
"487";2,05037919845906;100;59,7332828044891;0,055811882019043;"Algo";11
"488";NA;NA;0;0,0014040470123291;"One GP";11
"489";3,76872711613395;100;4,39890146255493;0,0528442859649658;"GPFDA";11
"490";0,431060770242435;93,3333333333333;87,9658918380737;0,0559148788452148;"Algo";11
"491";NA;NA;0;0,00141453742980957;"One GP";11
"492";0,239644781596362;100;2,85652661323547;0,0545461177825928;"GPFDA";11
"493";0,664967290844016;90;185,345209598541;0,0557084083557129;"Algo";11
"494";NA;NA;0;0,00141429901123047;"One GP";11
"495";0,97368661757589;100;5,15360856056213;0,0548350811004639;"GPFDA";11
"496";0,365835625632582;90;141,718574523926;0,0557026863098145;"Algo";11
"497";NA;NA;0;0,0015413761138916;"One GP";11
"498";0,55313628920334;100;4,42425203323364;0,0688774585723877;"GPFDA";11
"499";0,147361295320985;100;68,2539618015289;0,056431770324707;"Algo";11
"500";NA;NA;0;0,00142502784729004;"One GP";11
"501";2,63729003194284;100;5,35443234443665;0,0537149906158447;"GPFDA";11
"502";1,68700931788819;100;77,4737219810486;0,0685443878173828;"Algo";11
"503";NA;NA;0;0,0015411376953125;"One GP";11
"504";4,99962614107386;100;2,60568976402283;0,0529689788818359;"GPFDA";11
"505";1,61056940969705;83,3333333333333;37,4804210662842;0,0970616340637207;"Algo";11
"506";NA;NA;0;0,00181078910827637;"One GP";11
"507";1,64801577655852;100;10,8330132961273;0,0534152984619141;"GPFDA";11
"508";23,8318338478985;0;88,3610591888428;0,232580661773682;"Algo";11
"509";NA;NA;0;0,0014348030090332;"One GP";11
"510";9,30562882745329;100;3,95889234542847;0,153924465179443;"GPFDA";11
"511";0,0489041705450797;100;59,013058423996;0,0646762847900391;"Algo";11
"512";NA;NA;0;0,00143527984619141;"One GP";11
"513";0,732434379384915;100;6,74975323677063;0,0557899475097656;"GPFDA";11
"514";0,119703338285721;100;63,0762076377869;0,071091890335083;"Algo";11
"515";NA;NA;0;0,00144481658935547;"One GP";11
"516";0,284502929490044;100;9,28725743293762;0,0536673069000244;"GPFDA";11
"517";0,490754957208496;100;161,834786653519;0,0569241046905518;"Algo";11
"518";NA;NA;0;0,0014340877532959;"One GP";11
"519";0,72221269021775;100;5,28117537498474;0,0553550720214844;"GPFDA";11
"520";2,41518367630939;80;60,0336942672729;0,0566985607147217;"Algo";11
"521";NA;NA;0;0,00144052505493164;"One GP";11
"522";1,01179056682264;100;4,84695553779602;0,0684950351715088;"GPFDA";11
"523";1,40836556441922;100;63,9619703292847;0,0572783946990967;"Algo";11
"524";NA;NA;0;0,0014197826385498;"One GP";11
"525";2,80014314257946;100;4,8735203742981;0,0533509254455566;"GPFDA";11
"526";0,102735946957747;100;44,2810471057892;0,145755052566528;"Algo";11
"527";NA;NA;0;0,00146079063415527;"One GP";11
"528";0,250834921586456;100;5,90081977844238;0,0544073581695557;"GPFDA";11
"529";5,69133430643705;100;50,4939339160919;0,0579879283905029;"Algo";11
"530";NA;NA;0;0,00146842002868652;"One GP";11
"531";5,12227173497601;100;5,01519751548767;0,0572195053100586;"GPFDA";11
"532";5,23409819160306;63,3333333333333;92,4887425899506;0,0750350952148438;"Algo";11
"533";NA;NA;0;0,00147175788879395;"One GP";11
"534";5,08667319976278;100;9,31714344024658;0,0689678192138672;"GPFDA";11
"535";0,0772024349852388;100;72,2309381961823;0,058046817779541;"Algo";11
"536";NA;NA;0;0,0014493465423584;"One GP";11
"537";1,78184090622319;73,3333333333333;7,72468733787537;0,0561213493347168;"GPFDA";11
"538";0,0817381725333116;100;65,7530252933502;0,0572268962860107;"Algo";11
"539";NA;NA;0;0,00145626068115234;"One GP";11
"540";0,639277756353864;100;9,05269527435303;0,0558524131774902;"GPFDA";11
"541";0,184146315426902;100;111,229580879211;0,0572745800018311;"Algo";11
"542";NA;NA;0;0,00140905380249023;"One GP";11
"543";0,354721532541436;100;10,5863101482391;0,0528891086578369;"GPFDA";11
"544";2,94099722325205;100;64,5541090965271;0,056340217590332;"Algo";11
"545";NA;NA;0;0,00140547752380371;"One GP";11
"546";1,576906417584;100;9,43163561820984;0,0524423122406006;"GPFDA";11
"547";1,86975709438278;90;86,3647220134735;0,119981527328491;"Algo";11
"548";NA;NA;0;0,00144648551940918;"One GP";11
"549";2,18761230332531;100;5,21514058113098;0,0555675029754639;"GPFDA";11
"550";0,24587188121601;73,3333333333333;148,297699689865;0,268335580825806;"Algo";11
"551";NA;NA;0;0,00140833854675293;"One GP";11
"552";1,92253810680273;83,3333333333333;3,23158550262451;0,0530126094818115;"GPFDA";11
"553";0,349316796026443;93,3333333333333;195,772815227509;0,0558536052703857;"Algo";11
"554";NA;NA;0;0,0014197826385498;"One GP";11
"555";0,64584996476011;100;5,29550957679749;0,0521795749664307;"GPFDA";11
"556";0,0971532685431739;96,6666666666667;119,692442893982;0,0568764209747314;"Algo";11
"557";NA;NA;0;0,00140786170959473;"One GP";11
"558";0,368366159866101;100;6,65203022956848;0,0540256500244141;"GPFDA";11
"559";6,3288617231051;73,3333333333333;67,1309535503387;0,0709600448608398;"Algo";11
"560";NA;NA;0;0,00153112411499023;"One GP";11
"561";10,1359950956609;90;6,68317770957947;0,0603151321411133;"GPFDA";11
"562";0,643709634824021;100;61,0262598991394;0,0575578212738037;"Algo";11
"563";NA;NA;0;0,00159406661987305;"One GP";11
"564";0,687710580078842;100;6,83754301071167;0,0551347732543945;"GPFDA";11
"565";0,0927802343359809;100;86,8831973075867;0,0804283618927002;"Algo";11
"566";NA;NA;0;0,00209403038024902;"One GP";11
"567";0,158036444519161;100;8,17958569526672;0,0676145553588867;"GPFDA";11
"568";0,0784000998249297;100;135,709418773651;0,244240522384644;"Algo";11
"569";NA;NA;0;0,00174498558044434;"One GP";11
"570";0,0533139552202155;100;6,7151620388031;0,147546291351318;"GPFDA";11
"571";2,87599147905487;40;65,5238397121429;0,0746011734008789;"Algo";11
"572";NA;NA;0;0,00154590606689453;"One GP";11
"573";1,41388907408886;100;5,27727293968201;0,05999755859375;"GPFDA";11
"574";0,5597840017258;100;45,9489991664886;0,0621271133422852;"Algo";11
"575";NA;NA;0;0,001556396484375;"One GP";11
"576";0,578122303415913;100;5,15086531639099;0,0599861145019531;"GPFDA";11
"577";7,61415998743225;93,3333333333333;32,7519507408142;0,0587670803070068;"Algo";11
"578";NA;NA;0;0,00146031379699707;"One GP";11
"579";13,5237238058754;100;2,68656158447266;0,0537233352661133;"GPFDA";11
"580";2,02335126912937;56,6666666666667;32,5589325428009;0,101110696792603;"Algo";11
"581";NA;NA;0;0,001495361328125;"One GP";11
"582";0,370279700328048;100;5,60860276222229;0,0531039237976074;"GPFDA";11
"583";9,83529654265941;86,6666666666667;32,7463204860687;0,0599758625030518;"Algo";11
"584";NA;NA;0;0,00143957138061523;"One GP";11
"585";13,6806597381572;100;4,56008172035217;0,0531742572784424;"GPFDA";11
"586";1,0915866655193;100;33,7489287853241;0,0559439659118652;"Algo";11
"587";NA;NA;0;0,00141763687133789;"One GP";11
"588";1,56217984573047;100;5,23795175552368;0,0552337169647217;"GPFDA";11
"589";14,1678748174515;83,3333333333333;37,5992467403412;0,0563185214996338;"Algo";11
"590";NA;NA;0;0,00145888328552246;"One GP";11
"591";20,7340412287964;100;4,72954845428467;0,0523383617401123;"GPFDA";11
"592";16,147660407591;0;68,6055390834808;0,0559701919555664;"Algo";11
"593";NA;NA;0;0,00142359733581543;"One GP";11
"594";0,767060849838944;100;1,95258045196533;0,072256326675415;"GPFDA";11
"595";11,9997368082831;93,3333333333333;28,0093705654144;0,0973198413848877;"Algo";11
"596";NA;NA;0;0,00143051147460938;"One GP";11
"597";26,3371162759341;100;2,99901604652405;0,0530624389648438;"GPFDA";11
"598";0,565762629789899;100;30,3781123161316;0,0659632682800293;"Algo";11
"599";NA;NA;0;0,00142812728881836;"One GP";11
"600";0,664359743244115;100;6,53244805335999;0,0529310703277588;"GPFDA";11
"601";18,7855835219714;30;74,5937936306;0,0995273590087891;"Algo";16
"602";NA;NA;0;0,00164175033569336;"One GP";16
"603";13,3331539459584;100;3,50760865211487;0,0695695877075195;"GPFDA";16
"604";0,149719251843177;100;66,3005797863007;0,0832867622375488;"Algo";16
"605";NA;NA;0;0,00142955780029297;"One GP";16
"606";0,193615824103523;100;12,2499403953552;0,0673062801361084;"GPFDA";16
"607";0,158687940850981;100;80,8840055465698;0,0933883190155029;"Algo";16
"608";NA;NA;0;0,00140571594238281;"One GP";16
"609";0,242660764449444;100;7,19310903549194;0,104309797286987;"GPFDA";16
"610";0,343067480723963;100;63,164398431778;0,0816152095794678;"Algo";16
"611";NA;NA;0;0,00142908096313477;"One GP";16
"612";0,606208014132609;100;6,75235223770142;0,0861918926239014;"GPFDA";16
"613";13,4230415147373;20;111,169310808182;0,0844619274139404;"Algo";16
"614";NA;NA;0;0,00142621994018555;"One GP";16
"615";1,83459312403805;100;5,67689228057861;0,123719453811646;"GPFDA";16
"616";5,51501612686479;90;80,0502398014069;0,157992124557495;"Algo";16
"617";NA;NA;0;0,00145673751831055;"One GP";16
"618";3,90249159688462;100;7,21121191978455;0,0679731369018555;"GPFDA";16
"619";0,654600813382598;100;60,4193494319916;0,0859661102294922;"Algo";16
"620";NA;NA;0;0,00146174430847168;"One GP";16
"621";0,810856768681954;100;13,4235038757324;0,101556301116943;"GPFDA";16
"622";0,939553498336273;96,6666666666667;68,4363975524902;0,0834944248199463;"Algo";16
"623";NA;NA;0;0,00145053863525391;"One GP";16
"624";1,19039091718214;100;4,78723359107971;0,0694332122802734;"GPFDA";16
"625";0,556310106591997;100;158,897933006287;0,123594999313354;"Algo";16
"626";NA;NA;0;0,00157356262207031;"One GP";16
"627";0,585416245799981;100;11,5639307498932;0,06941819190979;"GPFDA";16
"628";1,87668521334062;100;60,3653404712677;0,087838888168335;"Algo";16
"629";NA;NA;0;0,00148248672485352;"One GP";16
"630";1,91514938825732;100;12,1470966339111;0,0896961688995361;"GPFDA";16
"631";0,597609225372347;80;67,9284181594849;0,109589338302612;"Algo";16
"632";NA;NA;0;0,00146627426147461;"One GP";16
"633";0,757150127021518;100;6,46690082550049;0,0852797031402588;"GPFDA";16
"634";3,20459635564957;96,6666666666667;126,871238231659;0,0835435390472412;"Algo";16
"635";NA;NA;0;0,00147080421447754;"One GP";16
"636";3,25786763396634;100;12,3328108787537;0,0694699287414551;"GPFDA";16
"637";0,0850952243844363;100;198,211315155029;0,0835874080657959;"Algo";16
"638";NA;NA;0;0,0014641284942627;"One GP";16
"639";0,861013821251583;100;15,7601525783539;0,0845699310302734;"GPFDA";16
"640";0,340114672199521;100;74,8587381839752;0,0835986137390137;"Algo";16
"641";NA;NA;0;0,00145220756530762;"One GP";16
"642";0,360299604767583;100;11,9863498210907;0,0690491199493408;"GPFDA";16
"643";1,3665104635585;66,6666666666667;93,9240705966949;0,0833292007446289;"Algo";16
"644";NA;NA;0;0,00147676467895508;"One GP";16
"645";2,4970402794497;100;9,67074871063232;0,0689842700958252;"GPFDA";16
"646";2,47675858614349;100;57,4241940975189;0,0838301181793213;"Algo";16
"647";NA;NA;0;0,00145363807678223;"One GP";16
"648";2,71654225407806;100;18,5956797599792;0,0821793079376221;"GPFDA";16
"649";0,233257202902405;83,3333333333333;89,8907110691071;0,0845913887023926;"Algo";16
"650";NA;NA;0;0,00144743919372559;"One GP";16
"651";0,51205556126923;100;13,3114683628082;0,0690560340881348;"GPFDA";16
"652";0,0897009600747007;100;91,7657654285431;0,1112220287323;"Algo";16
"653";NA;NA;0;0,00145769119262695;"One GP";16
"654";0,19384614813456;100;9,06029725074768;0,0705165863037109;"GPFDA";16
"655";0,549675983606677;96,6666666666667;86,6123342514038;0,123748540878296;"Algo";16
"656";NA;NA;0;0,00146484375;"One GP";16
"657";0,734935879554301;100;10,283931016922;0,0680770874023438;"GPFDA";16
"658";0,147971647510856;100;78,7225630283356;0,100682020187378;"Algo";16
"659";NA;NA;0;0,00148487091064453;"One GP";16
"660";0,776776608958089;100;7,2270200252533;0,0698597431182861;"GPFDA";16
"661";0,240348351202104;83,3333333333333;99,7373306751251;0,0955410003662109;"Algo";16
"662";NA;NA;0;0,00144863128662109;"One GP";16
"663";0,915551213670043;93,3333333333333;10,5556502342224;0,0728890895843506;"GPFDA";16
"664";7,32930716792049;100;55,7728946208954;0,0841536521911621;"Algo";16
"665";NA;NA;0;0,00147604942321777;"One GP";16
"666";8,02378072907666;100;5,67753934860229;0,0708065032958984;"GPFDA";16
"667";4,97679964511692;36,6666666666667;70,6571455001831;0,107909440994263;"Algo";16
"668";NA;NA;0;0,0014960765838623;"One GP";16
"669";4,3107436838417;100;12,1072719097137;0,0698771476745605;"GPFDA";16
"670";1,71526635379512;100;90,518426656723;0,0839180946350098;"Algo";16
"671";NA;NA;0;0,00147604942321777;"One GP";16
"672";1,96452058224494;100;6,17765235900879;0,0704371929168701;"GPFDA";16
"673";0,0844193196988887;100;66,3933048248291;0,0885810852050781;"Algo";16
"674";NA;NA;0;0,00145244598388672;"One GP";16
"675";1,43614768877589;100;10,3344569206238;0,071420431137085;"GPFDA";16
"676";0,113152328518876;100;114,946291208267;0,118193387985229;"Algo";16
"677";NA;NA;0;0,00151419639587402;"One GP";16
"678";0,262072017866699;100;10,2113530635834;0,0681159496307373;"GPFDA";16
"679";1,68787551017509;100;81,1110310554504;0,124625205993652;"Algo";16
"680";NA;NA;0;0,00148725509643555;"One GP";16
"681";3,22173603517454;100;6,71779227256775;0,0719656944274902;"GPFDA";16
"682";0,497658350013959;90;183,212542057037;0,0831446647644043;"Algo";16
"683";NA;NA;0;0,00142574310302734;"One GP";16
"684";1,50817528293408;100;8,12057185173035;0,0667572021484375;"GPFDA";16
"685";0,931268173861792;80;64,3570301532745;0,101291179656982;"Algo";16
"686";NA;NA;0;0,00154900550842285;"One GP";16
"687";1,15452792542127;100;8,6694073677063;0,0719478130340576;"GPFDA";16
"688";0,554186995958825;100;71,6973295211792;0,0809993743896484;"Algo";16
"689";NA;NA;0;0,00142240524291992;"One GP";16
"690";0,108884307439738;100;13,1475310325623;0,0814900398254395;"GPFDA";16
"691";55,8926592763551;20;96,3251547813416;0,0824105739593506;"Algo";16
"692";NA;NA;0;0,0014348030090332;"One GP";16
"693";6,14753975288529;100;13,586715221405;0,0664856433868408;"GPFDA";16
"694";0,0579413190220317;100;94,0433821678162;0,081047534942627;"Algo";16
"695";NA;NA;0;0,00141215324401855;"One GP";16
"696";0,109319295067208;100;15,0614478588104;0,0892808437347412;"GPFDA";16
"697";2,22430330089434;100;58,9556436538696;0,105513572692871;"Algo";16
"698";NA;NA;0;0,00142860412597656;"One GP";16
"699";2,04643754994488;100;9,4587926864624;0,0678877830505371;"GPFDA";16
"700";4,05710650860207;100;70,8749175071716;0,0810747146606445;"Algo";16
"701";NA;NA;0;0,00142407417297363;"One GP";16
"702";3,00698082111367;100;6,14216613769531;0,0664267539978027;"GPFDA";16
"703";0,19863077046489;100;86,6696040630341;0,0945179462432861;"Algo";16
"704";NA;NA;0;0,00143718719482422;"One GP";16
"705";0,245283627314858;100;16,5097346305847;0,0866522789001465;"GPFDA";16
"706";9,87798876399729;90;257,432606935501;0,0840697288513184;"Algo";16
"707";NA;NA;0;0,00147175788879395;"One GP";16
"708";4,81040336815997;100;4,63751220703125;0,0905237197875977;"GPFDA";16
"709";2,98252139125207;100;64,3081841468811;0,0835301876068115;"Algo";16
"710";NA;NA;0;0,00143122673034668;"One GP";16
"711";1,9729213419636;100;15,7006647586823;0,0669360160827637;"GPFDA";16
"712";28,6882289142976;23,3333333333333;82,0752575397491;0,0812714099884033;"Algo";16
"713";NA;NA;0;0,00140786170959473;"One GP";16
"714";14,6301409780037;100;5,82526135444641;0,0856523513793945;"GPFDA";16
"715";4,90152451817705;83,3333333333333;70,7895829677582;0,30407977104187;"Algo";16
"716";NA;NA;0;0,00646162033081055;"One GP";16
"717";2,38733702472285;100;10,9435029029846;0,130818843841553;"GPFDA";16
"718";2,19961427913111;100;101,873536109924;0,153440475463867;"Algo";16
"719";NA;NA;0;0,00144481658935547;"One GP";16
"720";6,17009172841374;100;6,9584972858429;0,0700805187225342;"GPFDA";16
"721";9,68185397864885;63,3333333333333;230,133681297302;0,0824820995330811;"Algo";16
"722";NA;NA;0;0,00144171714782715;"One GP";16
"723";7,20999146009131;100;10,240170955658;0,086249828338623;"GPFDA";16
"724";1,02209801287288;93,3333333333333;59,514660358429;0,128456830978394;"Algo";16
"725";NA;NA;0;0,00143003463745117;"One GP";16
"726";1,12660637372112;100;10,4109134674072;0,0681157112121582;"GPFDA";16
"727";29,2032058723287;26,6666666666667;79,7378766536713;0,0955688953399658;"Algo";16
"728";NA;NA;0;0,0014503002166748;"One GP";16
"729";5,584020713639;100;5,64856553077698;0,0672504901885986;"GPFDA";16
"730";0,215340021257499;100;82,8032393455505;0,0812652111053467;"Algo";16
"731";NA;NA;0;0,00141716003417969;"One GP";16
"732";0,700577875426767;100;7,73303627967834;0,0687417984008789;"GPFDA";16
"733";13,1232979229272;83,3333333333333;108,543692111969;0,0995686054229736;"Algo";16
"734";NA;NA;0;0,0014183521270752;"One GP";16
"735";29,7382745013337;100;13,0273594856262;0,0670716762542725;"GPFDA";16
"736";0,251219861025995;83,3333333333333;100,404861688614;0,116183519363403;"Algo";16
"737";NA;NA;0;0,00155329704284668;"One GP";16
"738";2,22113956909111;93,3333333333333;10,9562447071075;0,0804450511932373;"GPFDA";16
"739";0,421550850528808;100;88,1892154216766;0,0919408798217773;"Algo";16
"740";NA;NA;0;0,00150036811828613;"One GP";16
"741";0,554764929111576;100;8,17239141464233;0,0805692672729492;"GPFDA";16
"742";5,30266909707852;30;84,5118064880371;0,163695096969604;"Algo";16
"743";NA;NA;0;0,00163745880126953;"One GP";16
"744";1,44774630060489;100;5,57763934135437;0,0753018856048584;"GPFDA";16
"745";0,170828648031244;83,3333333333333;110,216703653336;0,114161014556885;"Algo";16
"746";NA;NA;0;0,00175023078918457;"One GP";16
"747";1,50231256097943;100;8,70751643180847;0,134979963302612;"GPFDA";16
"748";0,786694385205412;70;66,6452264785767;0,0842633247375488;"Algo";16
"749";NA;NA;0;0,00158882141113281;"One GP";16
"750";0,920813212099205;100;9,84450840950012;0,0752570629119873;"GPFDA";16
"751";0,188047029013732;100;137,660432338715;0,106367111206055;"Algo";16
"752";NA;NA;0;0,00146031379699707;"One GP";16
"753";0,155355548639518;100;8,57341361045837;0,0806713104248047;"GPFDA";16
"754";0,141035882167582;100;66,6192584037781;0,0814194679260254;"Algo";16
"755";NA;NA;0;0,00145101547241211;"One GP";16
"756";1,12113355325145;100;7,07255697250366;0,0996534824371338;"GPFDA";16
"757";15,688215741097;73,3333333333333;70,538560628891;0,213821172714233;"Algo";16
"758";NA;NA;0;0,00145339965820312;"One GP";16
"759";4,24588351186884;100;10,3677020072937;0,133877754211426;"GPFDA";16
"760";0,268943521003525;96,6666666666667;58,9803726673126;0,102666616439819;"Algo";16
"761";NA;NA;0;0,00163841247558594;"One GP";16
"762";0,583255856688728;100;7,38677310943604;0,0721137523651123;"GPFDA";16
"763";0,539525714557136;100;76,9210982322693;0,0987727642059326;"Algo";16
"764";NA;NA;0;0,00146389007568359;"One GP";16
"765";0,536723829334874;100;11,1008570194244;0,0679547786712646;"GPFDA";16
"766";2,18627470446585;100;84,273916721344;0,0821714401245117;"Algo";16
"767";NA;NA;0;0,00150704383850098;"One GP";16
"768";10,0880101426805;100;5,62459492683411;0,0675837993621826;"GPFDA";16
"769";2,50101091617556;100;69,3217945098877;0,0827438831329346;"Algo";16
"770";NA;NA;0;0,00146865844726562;"One GP";16
"771";3,67717366073151;100;6,19419884681702;0,0889620780944824;"GPFDA";16
"772";0,625805860638915;80;69,6488535404205;0,087188720703125;"Algo";16
"773";NA;NA;0;0,0014493465423584;"One GP";16
"774";0,737455574471523;100;11,0237057209015;0,0703954696655273;"GPFDA";16
"775";0,0849905337012344;100;97,3743195533752;0,0813004970550537;"Algo";16
"776";NA;NA;0;0,00142288208007812;"One GP";16
"777";1,35267224304196;83,3333333333333;12,7706372737885;0,0668520927429199;"GPFDA";16
"778";1,40373446000096;100;81,5489635467529;0,0941503047943115;"Algo";16
"779";NA;NA;0;0,00146651268005371;"One GP";16
"780";2,19871159001674;100;6,36349248886108;0,0875084400177002;"GPFDA";16
"781";0,133917708953991;100;72,6323499679565;0,0967128276824951;"Algo";16
"782";NA;NA;0;0,00142908096313477;"One GP";16
"783";0,330019279210864;100;6,98277974128723;0,0667335987091064;"GPFDA";16
"784";0,524507554243334;100;69,0267798900604;0,0824651718139648;"Algo";16
"785";NA;NA;0;0,00144481658935547;"One GP";16
"786";0,555934088605049;100;7,40541338920593;0,0680394172668457;"GPFDA";16
"787";4,36913791476865;100;60,0213234424591;0,0842564105987549;"Algo";16
"788";NA;NA;0;0,00142359733581543;"One GP";16
"789";4,7722209094607;100;10,6468467712402;0,0853090286254883;"GPFDA";16
"790";1,27510133321156;83,3333333333333;63,5818843841553;0,116001844406128;"Algo";16
"791";NA;NA;0;0,00141310691833496;"One GP";16
"792";2,24172513829363;100;4,78522157669067;0,0812113285064697;"GPFDA";16
"793";7,1792832793812;100;75,4605674743652;0,0937063694000244;"Algo";16
"794";NA;NA;0;0,00142168998718262;"One GP";16
"795";5,94776611728164;100;12,0097212791443;0,0669586658477783;"GPFDA";16
"796";2,18461761726246;43,3333333333333;90,0017907619476;0,0851545333862305;"Algo";16
"797";NA;NA;0;0,00143885612487793;"One GP";16
"798";2,04996390843596;100;14,8087291717529;0,0837404727935791;"GPFDA";16
"799";3,68685925863178;100;76,8501007556915;0,133667230606079;"Algo";16
"800";NA;NA;0;0,00144171714782715;"One GP";16
"801";8,03224586451383;100;9,59798192977905;0,0669183731079102;"GPFDA";16
"802";0,175970221739007;90;88,6805770397186;0,0821661949157715;"Algo";16
"803";NA;NA;0;0,00144147872924805;"One GP";16
"804";0,18514266719568;100;13,7494094371796;0,0685276985168457;"GPFDA";16
"805";0,287726134764036;100;102,392497777939;0,0940053462982178;"Algo";16
"806";NA;NA;0;0,00145077705383301;"One GP";16
"807";0,301970264672131;100;9,26134324073792;0,0701203346252441;"GPFDA";16
"808";1,60788481162963;100;60,8378663063049;0,0945198535919189;"Algo";16
"809";NA;NA;0;0,00143647193908691;"One GP";16
"810";2,92652555539663;100;7,02842378616333;0,134156942367554;"GPFDA";16
"811";0,261714375776386;80;87,8539619445801;0,082902193069458;"Algo";16
"812";NA;NA;0;0,0014503002166748;"One GP";16
"813";0,411389200752476;100;13,2054708003998;0,0680370330810547;"GPFDA";16
"814";0,064795551985909;100;65,7815585136414;0,0827500820159912;"Algo";16
"815";NA;NA;0;0,00144028663635254;"One GP";16
"816";2,25151954833278;100;9,11798143386841;0,0696816444396973;"GPFDA";16
"817";0,923924009780254;100;81,6949293613434;0,110455513000488;"Algo";16
"818";NA;NA;0;0,0014498233795166;"One GP";16
"819";1,38584458801747;100;11,5057520866394;0,0834000110626221;"GPFDA";16
"820";2,64409172946791;100;65,2671709060669;0,18222188949585;"Algo";16
"821";NA;NA;0;0,00146174430847168;"One GP";16
"822";11,2312534922829;100;7,54936099052429;0,0699112415313721;"GPFDA";16
"823";1,50275184850238;100;66,6164662837982;0,0968117713928223;"Algo";16
"824";NA;NA;0;0,00145053863525391;"One GP";16
"825";0,682553811616544;100;12,6187601089478;0,0669245719909668;"GPFDA";16
"826";3,64507871114864;100;70,0252299308777;0,100504159927368;"Algo";16
"827";NA;NA;0;0,00142526626586914;"One GP";16
"828";5,87805027592983;100;11,2893497943878;0,0689785480499268;"GPFDA";16
"829";1,28236277170739;100;255,60035777092;0,0809562206268311;"Algo";16
"830";NA;NA;0;0,00142526626586914;"One GP";16
"831";1,66607247875899;100;9,25253796577454;0,0704290866851807;"GPFDA";16
"832";0,526628388179368;100;58,9077935218811;0,129301309585571;"Algo";16
"833";NA;NA;0;0,0014643669128418;"One GP";16
"834";0,629887821186761;100;8,95209503173828;0,068856954574585;"GPFDA";16
"835";1,7369142380366;100;166,595341205597;0,134116649627686;"Algo";16
"836";NA;NA;0;0,0015571117401123;"One GP";16
"837";5,38432442306551;100;13,5102891921997;0,116560935974121;"GPFDA";16
"838";0,165832997168507;100;288,12456035614;0,145744323730469;"Algo";16
"839";NA;NA;0;0,00145530700683594;"One GP";16
"840";0,220601200283882;100;11,6965129375458;0,0726370811462402;"GPFDA";16
"841";24,3022599460441;0;87,9280745983124;0,0869719982147217;"Algo";16
"842";NA;NA;0;0,00145244598388672;"One GP";16
"843";12,0586347822396;100;6,89045143127441;0,0686881542205811;"GPFDA";16
"844";0,0525868277206268;100;56,5649852752686;0,113116502761841;"Algo";16
"845";NA;NA;0;0,00176358222961426;"One GP";16
"846";0,0696610164797363;100;5,16619777679443;0,0703353881835938;"GPFDA";16
"847";0,17048974905186;86,6666666666667;58,2972378730774;0,0825862884521484;"Algo";16
"848";NA;NA;0;0,00146198272705078;"One GP";16
"849";3,4969859643086;66,6666666666667;4,57236170768738;0,0690336227416992;"GPFDA";16
"850";2,00949133465277;100;52,3126120567322;0,0832126140594482;"Algo";16
"851";NA;NA;0;0,00156331062316895;"One GP";16
"852";2,78797454463447;100;4,60157513618469;0,0683586597442627;"GPFDA";16
"853";0,444665297446992;100;74,0355157852173;0,0829200744628906;"Algo";16
"854";NA;NA;0;0,00148391723632812;"One GP";16
"855";0,874816221595171;100;6,24357199668884;0,0916345119476318;"GPFDA";16
"856";0,071450414350321;100;55,1795854568481;0,208651781082153;"Algo";16
"857";NA;NA;0;0,00146651268005371;"One GP";16
"858";0,362640227744442;100;4,37955331802368;0,13990044593811;"GPFDA";16
"859";0,270372992089893;100;29,898152589798;0,158379554748535;"Algo";16
"860";NA;NA;0;0,00143074989318848;"One GP";16
"861";0,240397521477817;100;2,38432502746582;0,0670921802520752;"GPFDA";16
"862";0,36874151194073;76,6666666666667;87,7052550315857;0,0865390300750732;"Algo";16
"863";NA;NA;0;0,00143766403198242;"One GP";16
"864";8,64118246617308;50;3,6707489490509;0,0879013538360596;"GPFDA";16
"865";1,35345863448767;86,6666666666667;27,0874969959259;0,0822784900665283;"Algo";16
"866";NA;NA;0;0,00154328346252441;"One GP";16
"867";0,978492122360565;100;2,4117591381073;0,0690786838531494;"GPFDA";16
"868";0,865977531243359;100;19,2906897068024;0,0951695442199707;"Algo";16
"869";NA;NA;0;0,00142812728881836;"One GP";16
"870";3,25792948284203;100;3,72433948516846;0,0709946155548096;"GPFDA";16
"871";1,01206819905262;76,6666666666667;19,3506422042847;0,0822110176086426;"Algo";16
"872";NA;NA;0;0,00141763687133789;"One GP";16
"873";0,235540370235117;100;3,36202049255371;0,0851893424987793;"GPFDA";16
"874";0,0594453126626745;100;37,9933819770813;0,0807082653045654;"Algo";16
"875";NA;NA;0;0,00140762329101562;"One GP";16
"876";16,6390202765438;20;3,97142148017883;0,0668649673461914;"GPFDA";16
"877";0,117625964078679;90;40,2138524055481;0,123600244522095;"Algo";16
"878";NA;NA;0;0,00142121315002441;"One GP";16
"879";0,154292236075059;100;4,16412758827209;0,0963084697723389;"GPFDA";16
"880";0,129004737195914;100;43,3006036281586;0,0819883346557617;"Algo";16
"881";NA;NA;0;0,0014336109161377;"One GP";16
"882";1,04754903988799;100;5,37018299102783;0,0983321666717529;"GPFDA";16
"883";0,055642886605222;100;30,4910299777985;0,0839343070983887;"Algo";16
"884";NA;NA;0;0,00143098831176758;"One GP";16
"885";0,299454175495009;100;4,51969742774963;0,0671610832214355;"GPFDA";16
"886";0,236948507184646;100;18,4288332462311;0,0997734069824219;"Algo";16
"887";NA;NA;0;0,00143074989318848;"One GP";16
"888";0,197797310585704;100;4,47794556617737;0,093966007232666;"GPFDA";16
"889";18,2985135262487;83,3333333333333;43,0810813903809;0,0820538997650146;"Algo";16
"890";NA;NA;0;0,0014193058013916;"One GP";16
"891";18,6515372869051;100;3,85430288314819;0,0663967132568359;"GPFDA";16
"892";0,162024447268023;96,6666666666667;37,3802783489227;0,0828633308410645;"Algo";16
"893";NA;NA;0;0,00160455703735352;"One GP";16
"894";1,52329362878204;100;3,88976621627808;0,0668540000915527;"GPFDA";16
"895";16,5846242968484;10;38,2370004653931;0,086902379989624;"Algo";16
"896";NA;NA;0;0,00145268440246582;"One GP";16
"897";2,57308959023367;100;3,20299124717712;0,0805702209472656;"GPFDA";16
"898";0,282308717565687;90;35,3956136703491;0,115124702453613;"Algo";16
"899";NA;NA;0;0,00162434577941895;"One GP";16
"900";7,86521394382022;63,3333333333333;4,09489583969116;0,0741240978240967;"GPFDA";16
"901";1,85871905377816;100;75,6073627471924;0,149152517318726;"Algo";21
"902";NA;NA;0;0,0017092227935791;"One GP";21
"903";2,24993118191392;100;13,639143705368;0,105176210403442;"GPFDA";21
"904";0,113052314333275;100;70,5053596496582;0,113164186477661;"Algo";21
"905";NA;NA;0;0,00151681900024414;"One GP";21
"906";0,158291415461109;100;14,2608871459961;0,0934426784515381;"GPFDA";21
"907";0,0655328720332727;100;85,1226978302002;0,155022382736206;"Algo";21
"908";NA;NA;0;0,00168013572692871;"One GP";21
"909";0,120702034341162;100;16,8092029094696;0,120539426803589;"GPFDA";21
"910";0,426905628735081;83,3333333333333;105,957956790924;0,109606742858887;"Algo";21
"911";NA;NA;0;0,00146770477294922;"One GP";21
"912";0,358453488703036;100;9,80891990661621;0,0941970348358154;"GPFDA";21
"913";0,75710878988686;56,6666666666667;93,5723519325256;0,147224903106689;"Algo";21
"914";NA;NA;0;0,0014338493347168;"One GP";21
"915";0,601053231095603;100;16,3932809829712;0,0822718143463135;"GPFDA";21
"916";0,571744086817163;100;71,4040284156799;0,218857288360596;"Algo";21
"917";NA;NA;0;0,00144386291503906;"One GP";21
"918";1,29791922192483;100;13,0821628570557;0,117736101150513;"GPFDA";21
"919";0,110533913601154;100;90,2449162006378;0,10535454750061;"Algo";21
"920";NA;NA;0;0,00141453742980957;"One GP";21
"921";0,422593763961811;100;15,0370330810547;0,0839827060699463;"GPFDA";21
"922";1,20262281768042;83,3333333333333;104,036665439606;0,14939022064209;"Algo";21
"923";NA;NA;0;0,00151801109313965;"One GP";21
"924";1,08764358862594;100;17,5359303951263;0,0864920616149902;"GPFDA";21
"925";0,225715453905244;100;79,5896751880646;0,105960369110107;"Algo";21
"926";NA;NA;0;0,00143957138061523;"One GP";21
"927";1,02431330809147;100;6,0195198059082;0,0939223766326904;"GPFDA";21
"928";0,152332812874277;93,3333333333333;87,4648988246918;0,194888830184937;"Algo";21
"929";NA;NA;0;0,00144147872924805;"One GP";21
"930";0,13818459835791;100;16,5877587795258;0,0842874050140381;"GPFDA";21
"931";2,4104010346149;86,6666666666667;216,016373872757;0,790561676025391;"Algo";21
"932";NA;NA;0;0,00143551826477051;"One GP";21
"933";2,20532201914661;100;26,0829172134399;0,082979679107666;"GPFDA";21
"934";1,34501315892399;100;94,8786950111389;0,184613227844238;"Algo";21
"935";NA;NA;0;0,00144624710083008;"One GP";21
"936";1,68773482470234;100;19,8502011299133;0,0797436237335205;"GPFDA";21
"937";1,19881081655145;100;71,8668420314789;0,130233287811279;"Algo";21
"938";NA;NA;0;0,0014195442199707;"One GP";21
"939";2,45229826541687;100;13,9899983406067;0,0800888538360596;"GPFDA";21
"940";5,26542745829338;23,3333333333333;85,8576424121857;0,223086357116699;"Algo";21
"941";NA;NA;0;0,00144004821777344;"One GP";21
"942";6,62010673237245;100;17,5093529224396;0,0834977626800537;"GPFDA";21
"943";0,151636546189984;100;106,73899936676;0,106504678726196;"Algo";21
"944";NA;NA;0;0,00141000747680664;"One GP";21
"945";0,184017198194503;100;8,68778395652771;0,0925703048706055;"GPFDA";21
"946";0,173390440293618;96,6666666666667;85,7121031284332;0,119492053985596;"Algo";21
"947";NA;NA;0;0,00140857696533203;"One GP";21
"948";0,179510944624721;100;23,1914718151093;0,08036208152771;"GPFDA";21
"949";4,30567185976628;73,3333333333333;108,843879938126;0,105843782424927;"Algo";21
"950";NA;NA;0;0,00141382217407227;"One GP";21
"951";2,66003758585286;100;10,4783627986908;0,0804367065429688;"GPFDA";21
"952";0,057239901275751;100;73,4238128662109;0,131737470626831;"Algo";21
"953";NA;NA;0;0,00144791603088379;"One GP";21
"954";0,0982348408310228;100;12,6172835826874;0,0831396579742432;"GPFDA";21
"955";3,02299900661713;80;70,5585424900055;0,119142055511475;"Algo";21
"956";NA;NA;0;0,00140261650085449;"One GP";21
"957";4,69163419315049;100;10,7961282730103;0,0925219058990479;"GPFDA";21
"958";0,107807424473428;100;75,6434199810028;0,105157375335693;"Algo";21
"959";NA;NA;0;0,00149011611938477;"One GP";21
"960";0,205175966787154;100;13,1688067913055;0,0809361934661865;"GPFDA";21
"961";0,0586985137203972;100;116,527647256851;0,134713649749756;"Algo";21
"962";NA;NA;0;0,00145673751831055;"One GP";21
"963";0,27447997354483;100;14,3290131092072;0,0804481506347656;"GPFDA";21
"964";1,9191373393788;100;76,1411831378937;0,120568752288818;"Algo";21
"965";NA;NA;0;0,0014188289642334;"One GP";21
"966";1,74083551505098;100;11,5207040309906;0,0810732841491699;"GPFDA";21
"967";0,68062193296477;100;59,3285307884216;0,113668441772461;"Algo";21
"968";NA;NA;0;0,00143527984619141;"One GP";21
"969";0,650502778314794;100;8,38171935081482;0,0954816341400146;"GPFDA";21
"970";2,36491730133444;100;87,2664194107056;0,110143899917603;"Algo";21
"971";NA;NA;0;0,00172948837280273;"One GP";21
"972";4,33859754506376;100;6,71578741073608;0,0880959033966064;"GPFDA";21
"973";1,15030870977855;100;83,8830862045288;0,135338544845581;"Algo";21
"974";NA;NA;0;0,00146651268005371;"One GP";21
"975";0,259751750002159;100;16,5027210712433;0,083853006362915;"GPFDA";21
"976";0,745510682562104;100;78,0209228992462;0,111833810806274;"Algo";21
"977";NA;NA;0;0,00149440765380859;"One GP";21
"978";0,861430219266351;100;15,5885586738586;0,084794282913208;"GPFDA";21
"979";0,34654629631065;100;80,8998503684998;0,113778114318848;"Algo";21
"980";NA;NA;0;0,00145459175109863;"One GP";21
"981";0,409431002539541;100;14,3795244693756;0,0948140621185303;"GPFDA";21
"982";0,394745673317481;100;82,579381942749;0,151715278625488;"Algo";21
"983";NA;NA;0;0,00144147872924805;"One GP";21
"984";0,81649298927451;100;13,4594819545746;0,0838303565979004;"GPFDA";21
"985";0,176916166818258;100;71,0331721305847;0,219153642654419;"Algo";21
"986";NA;NA;0;0,00149822235107422;"One GP";21
"987";0,227803016509256;100;11,8106565475464;0,0824143886566162;"GPFDA";21
"988";0,156881437094887;90;95,7634205818176;0,107539176940918;"Algo";21
"989";NA;NA;0;0,00146603584289551;"One GP";21
"990";0,158598935798996;100;10,3192446231842;0,0947034358978271;"GPFDA";21
"991";1,37406545581029;100;81,7646112442017;0,133991241455078;"Algo";21
"992";NA;NA;0;0,00142192840576172;"One GP";21
"993";2,71562178261228;100;13,9684743881226;0,098285436630249;"GPFDA";21
"994";0,596791449298853;100;83,3815786838531;0,18579626083374;"Algo";21
"995";NA;NA;0;0,00142407417297363;"One GP";21
"996";0,48279019870836;100;5,87960171699524;0,0805020332336426;"GPFDA";21
"997";3,91534585682036;100;73,0736696720123;0,105966091156006;"Algo";21
"998";NA;NA;0;0,00143051147460938;"One GP";21
"999";5,83960665151541;100;17,5024168491364;0,0799756050109863;"GPFDA";21
"1000";0,8405865319548;100;71,3764190673828;0,253618478775024;"Algo";21
"1001";NA;NA;0;0,00143313407897949;"One GP";21
"1002";1,02192547048217;100;12,1582381725311;0,0987174510955811;"GPFDA";21
"1003";1,62533506529944;100;75,5275590419769;0,159993410110474;"Algo";21
"1004";NA;NA;0;0,00145363807678223;"One GP";21
"1005";2,58417183758966;100;14,3050944805145;0,0844569206237793;"GPFDA";21
"1006";0,480174622574975;80;122,364899873734;0,106083393096924;"Algo";21
"1007";NA;NA;0;0,00141549110412598;"One GP";21
"1008";0,225822416745535;100;16,3822717666626;0,0809786319732666;"GPFDA";21
"1009";1,02032014203941;100;162,98704457283;0,108150959014893;"Algo";21
"1010";NA;NA;0;0,00142097473144531;"One GP";21
"1011";1,85042273914452;100;19,2859790325165;0,11149787902832;"GPFDA";21
"1012";0,0226030557017967;100;249,256543159485;0,109225511550903;"Algo";21
"1013";NA;NA;0;0,00140523910522461;"One GP";21
"1014";0,641857647462235;100;14,9397003650665;0,0816249847412109;"GPFDA";21
"1015";0,0885305665078538;100;95,4336040019989;0,104984521865845;"Algo";21
"1016";NA;NA;0;0,0014193058013916;"One GP";21
"1017";0,253340580846528;100;16,6409339904785;0,0837266445159912;"GPFDA";21
"1018";0,136463528443789;100;85,8095963001251;0,180898427963257;"Algo";21
"1019";NA;NA;0;0,00144600868225098;"One GP";21
"1020";0,105776391354825;100;6,25721740722656;0,0946362018585205;"GPFDA";21
"1021";16,6255436220144;63,3333333333333;94,6786086559296;0,106162071228027;"Algo";21
"1022";NA;NA;0;0,00140976905822754;"One GP";21
"1023";6,43194979146274;100;13,9159939289093;0,0943534374237061;"GPFDA";21
"1024";0,21088516075847;100;225,668161869049;0,109667301177979;"Algo";21
"1025";NA;NA;0;0,00140476226806641;"One GP";21
"1026";0,581807794946041;100;10,0881910324097;0,0808863639831543;"GPFDA";21
"1027";0,0870930414263224;100;87,6372191905975;0,110465526580811;"Algo";21
"1028";NA;NA;0;0,00144195556640625;"One GP";21
"1029";0,179747910688444;100;4,27940344810486;0,0808243751525879;"GPFDA";21
"1030";0,720973712798834;100;95,0941331386566;0,105761051177979;"Algo";21
"1031";NA;NA;0;0,0014185905456543;"One GP";21
"1032";1,9970799474137;100;14,7993924617767;0,0800716876983643;"GPFDA";21
"1033";2,81874905075099;73,3333333333333;110,082443237305;0,106175661087036;"Algo";21
"1034";NA;NA;0;0,00145077705383301;"One GP";21
"1035";3,47639359083996;100;12,1689751148224;0,0930280685424805;"GPFDA";21
"1036";1,09987616542269;90;75,3870232105255;0,10688328742981;"Algo";21
"1037";NA;NA;0;0,00143742561340332;"One GP";21
"1038";1,94649756174505;100;16,8070194721222;0,0837752819061279;"GPFDA";21
"1039";0,0292121541013915;100;114,097237586975;0,150204658508301;"Algo";21
"1040";NA;NA;0;0,00141215324401855;"One GP";21
"1041";0,0632133564196658;100;13,221049785614;0,0821728706359863;"GPFDA";21
"1042";0,214596620092762;100;74,2651078701019;0,111196279525757;"Algo";21
"1043";NA;NA;0;0,00142955780029297;"One GP";21
"1044";0,194050699483991;100;13,3806638717651;0,0854880809783936;"GPFDA";21
"1045";1,32900819715396;100;70,755918264389;0,120193481445312;"Algo";21
"1046";NA;NA;0;0,00145745277404785;"One GP";21
"1047";1,17266437915324;100;11,8088641166687;0,0810956954956055;"GPFDA";21
"1048";1,38538008468655;100;204,085978507996;0,126355171203613;"Algo";21
"1049";NA;NA;0;0,00140881538391113;"One GP";21
"1050";1,29233486127625;100;15,3446202278137;0,103888750076294;"GPFDA";21
"1051";0,258342763122699;100;71,3033351898193;0,108175039291382;"Algo";21
"1052";NA;NA;0;0,00144124031066895;"One GP";21
"1053";0,218774612035309;100;10,9803454875946;0,0901918411254883;"GPFDA";21
"1054";23,8920914541836;60;109,35967040062;0,198675394058228;"Algo";21
"1055";NA;NA;0;0,00174951553344727;"One GP";21
"1056";4,89743371476868;100;14,3197066783905;0,094853401184082;"GPFDA";21
"1057";0,225350993829284;100;128,617942810059;0,250861644744873;"Algo";21
"1058";NA;NA;0;0,00163793563842773;"One GP";21
"1059";0,261778411887168;100;13,4266695976257;0,0919110774993896;"GPFDA";21
"1060";1,36193807966127;93,3333333333333;89,3395431041718;0,121944904327393;"Algo";21
"1061";NA;NA;0;0,00157833099365234;"One GP";21
"1062";3,52405518177664;100;13,3621022701263;0,0916323661804199;"GPFDA";21
"1063";0,0275509248252645;100;106,414947509766;0,142321348190308;"Algo";21
"1064";NA;NA;0;0,00158047676086426;"One GP";21
"1065";0,0815735106006291;100;15,7324693202972;0,127974033355713;"GPFDA";21
"1066";1,14878120455152;100;87,4228522777557;0,134286165237427;"Algo";21
"1067";NA;NA;0;0,00152778625488281;"One GP";21
"1068";1,02879206023601;100;10,4947712421417;0,0907597541809082;"GPFDA";21
"1069";2,30175813773232;86,6666666666667;92,2906455993652;0,107664108276367;"Algo";21
"1070";NA;NA;0;0,0014808177947998;"One GP";21
"1071";1,99508857449039;100;13,9444813728333;0,0915734767913818;"GPFDA";21
"1072";0,02535184756785;100;101,095821619034;0,128051280975342;"Algo";21
"1073";NA;NA;0;0,00170779228210449;"One GP";21
"1074";0,166883938911324;100;13,4494965076447;0,10614538192749;"GPFDA";21
"1075";6,04067383250686;73,3333333333333;125,490951299667;0,3672194480896;"Algo";21
"1076";NA;NA;0;0,00158166885375977;"One GP";21
"1077";4,91021386992417;100;14,7041139602661;0,0940508842468262;"GPFDA";21
"1078";1,135633102076;100;90,6111705303192;0,117926120758057;"Algo";21
"1079";NA;NA;0;0,00161647796630859;"One GP";21
"1080";2,7113745113959;100;10,6760587692261;0,0918223857879639;"GPFDA";21
"1081";1,20300821063364;93,3333333333333;200,229943275452;0,120317697525024;"Algo";21
"1082";NA;NA;0;0,00149011611938477;"One GP";21
"1083";0,264106091423168;100;5,19126224517822;0,0857846736907959;"GPFDA";21
"1084";0,143530182230603;83,3333333333333;162,278408527374;0,128677845001221;"Algo";21
"1085";NA;NA;0;0,00143718719482422;"One GP";21
"1086";0,0984311628689866;100;19,9764013290405;0,082585334777832;"GPFDA";21
"1087";4,17522641104814;66,6666666666667;84,3796367645264;0,143784046173096;"Algo";21
"1088";NA;NA;0;0,00143575668334961;"One GP";21
"1089";4,42909933604043;100;19,1146368980408;0,080751895904541;"GPFDA";21
"1090";0,263302515165032;100;241,745155572891;0,146937131881714;"Algo";21
"1091";NA;NA;0;0,00157427787780762;"One GP";21
"1092";1,04002119369694;100;14,8534953594208;0,103382349014282;"GPFDA";21
"1093";0,0459362079517049;100;100,300765752792;0,110015392303467;"Algo";21
"1094";NA;NA;0;0,0015254020690918;"One GP";21
"1095";0,228469103486381;100;14,197762966156;0,0999453067779541;"GPFDA";21
"1096";0,44977629001089;100;93,2741115093231;0,1053466796875;"Algo";21
"1097";NA;NA;0;0,00144481658935547;"One GP";21
"1098";1,14935835420471;100;14,7231550216675;0,0969057083129883;"GPFDA";21
"1099";1,49091088556998;100;118,942727804184;0,235317468643188;"Algo";21
"1100";NA;NA;0;0,0014345645904541;"One GP";21
"1101";1,6791442068851;100;9,04641938209534;0,0807602405548096;"GPFDA";21
"1102";1,16415430594608;80;63,591869354248;0,105962514877319;"Algo";21
"1103";NA;NA;0;0,00143194198608398;"One GP";21
"1104";0,865942578228771;100;13,5061452388763;0,0976636409759521;"GPFDA";21
"1105";0,158497852529326;100;74,5785717964172;0,105461835861206;"Algo";21
"1106";NA;NA;0;0,00140023231506348;"One GP";21
"1107";0,0467577059367634;100;10,2634410858154;0,0798451900482178;"GPFDA";21
"1108";0,100463057211989;93,3333333333333;226,55318570137;0,248829364776611;"Algo";21
"1109";NA;NA;0;0,00141739845275879;"One GP";21
"1110";0,194666330379577;100;11,6823353767395;0,122007846832275;"GPFDA";21
"1111";0,580080708011283;100;63,3643293380737;0,105213642120361;"Algo";21
"1112";NA;NA;0;0,00141453742980957;"One GP";21
"1113";0,72365813518403;100;6,73808479309082;0,0946922302246094;"GPFDA";21
"1114";0,0398062216305829;100;54,32284116745;0,168056726455688;"Algo";21
"1115";NA;NA;0;0,00143122673034668;"One GP";21
"1116";0,497373868699704;100;15,4596490859985;0,0855574607849121;"GPFDA";21
"1117";0,178245330893975;93,3333333333333;58,1321058273315;0,178974866867065;"Algo";21
"1118";NA;NA;0;0,00145435333251953;"One GP";21
"1119";0,060952034834282;100;8,58917713165283;0,0849673748016357;"GPFDA";21
"1120";1,15357141049565;100;130,152945518494;0,10877799987793;"Algo";21
"1121";NA;NA;0;0,00143527984619141;"One GP";21
"1122";3,53255112884597;100;6,18784022331238;0,0992913246154785;"GPFDA";21
"1123";1,29578491852211;86,6666666666667;53,0958261489868;0,108024597167969;"Algo";21
"1124";NA;NA;0;0,00140547752380371;"One GP";21
"1125";1,82209235938148;100;6,13579893112183;0,080585241317749;"GPFDA";21
"1126";0,714054628403259;83,3333333333333;28,2772119045258;0,34191632270813;"Algo";21
"1127";NA;NA;0;0,0014183521270752;"One GP";21
"1128";0,384635436094123;100;8,39520597457886;0,0846045017242432;"GPFDA";21
"1129";2,09801602962699;100;25,3426756858826;0,106117725372314;"Algo";21
"1130";NA;NA;0;0,00140213966369629;"One GP";21
"1131";1,8878511411008;100;3,43769121170044;0,0797100067138672;"GPFDA";21
"1132";0,108417111165694;100;33,4788317680359;0,108516216278076;"Algo";21
"1133";NA;NA;0;0,00153303146362305;"One GP";21
"1134";2,04842497322496;100;6,21426582336426;0,0800073146820068;"GPFDA";21
"1135";7,51602837735788;73,3333333333333;67,8129489421844;0,171019554138184;"Algo";21
"1136";NA;NA;0;0,00145912170410156;"One GP";21
"1137";6,79846317169736;100;5,85027599334717;0,0838057994842529;"GPFDA";21
"1138";0,068289424143976;100;57,9872734546661;0,12603497505188;"Algo";21
"1139";NA;NA;0;0,00146245956420898;"One GP";21
"1140";0,0950088404092629;100;6,35007905960083;0,0857489109039307;"GPFDA";21
"1141";0,0343973784989992;100;43,274765253067;0,122998237609863;"Algo";21
"1142";NA;NA;0;0,00147628784179688;"One GP";21
"1143";0,104343353252777;100;5,20958256721497;0,0828795433044434;"GPFDA";21
"1144";0,366308185121587;100;23,9915218353271;0,210272073745728;"Algo";21
"1145";NA;NA;0;0,00147199630737305;"One GP";21
"1146";0,275120917903764;100;2,28928565979004;0,0855379104614258;"GPFDA";21
"1147";2,8507405245469;100;22,3859958648682;0,10958194732666;"Algo";21
"1148";NA;NA;0;0,00145387649536133;"One GP";21
"1149";2,79463503731984;100;7,35763192176819;0,0965726375579834;"GPFDA";21
"1150";0,433271953392647;100;25,5732474327087;0,138871431350708;"Algo";21
"1151";NA;NA;0;0,00146603584289551;"One GP";21
"1152";1,39501854697308;100;5,75530052185059;0,0869286060333252;"GPFDA";21
"1153";0,988720094707377;100;18,8890855312347;0,107911825180054;"Algo";21
"1154";NA;NA;0;0,00151586532592773;"One GP";21
"1155";0,505543064815471;100;5,34717154502869;0,0844407081604004;"GPFDA";21
"1156";6,43723973141419;100;35,0210146903992;0,108442783355713;"Algo";21
"1157";NA;NA;0;0,00145411491394043;"One GP";21
"1158";4,0417991838497;100;4,7653169631958;0,0844745635986328;"GPFDA";21
"1159";0,158303954809023;80;36,7529168128967;0,136535882949829;"Algo";21
"1160";NA;NA;0;0,00142884254455566;"One GP";21
"1161";1,06866549225018;100;5,02440857887268;0,0856437683105469;"GPFDA";21
"1162";0,66061775510952;100;28,6228260993958;0,11055326461792;"Algo";21
"1163";NA;NA;0;0,00144362449645996;"One GP";21
"1164";2,11562426443179;100;3,3375551700592;0,0822970867156982;"GPFDA";21
"1165";0,988266792102326;73,3333333333333;35,0771300792694;0,160591125488281;"Algo";21
"1166";NA;NA;0;0,00144577026367188;"One GP";21
"1167";0,853880283578467;100;6,20274806022644;0,105805635452271;"GPFDA";21
"1168";0,370209128519175;100;16,3598303794861;0,124038219451904;"Algo";21
"1169";NA;NA;0;0,00140976905822754;"One GP";21
"1170";0,432985804376167;100;5,57751679420471;0,082761287689209;"GPFDA";21
"1171";0,285651552473871;100;9,953941822052;0,12038779258728;"Algo";21
"1172";NA;NA;0;0,00141072273254395;"One GP";21
"1173";1,21256808085117;100;5,67237257957458;0,0860192775726318;"GPFDA";21
"1174";0,637050313805572;100;13,3061194419861;0,136760711669922;"Algo";21
"1175";NA;NA;0;0,00142192840576172;"One GP";21
"1176";3,0487370468992;100;5,07501530647278;0,0847394466400146;"GPFDA";21
"1177";0,149888633683938;100;12,3874440193176;0,120527744293213;"Algo";21
"1178";NA;NA;0;0,00140881538391113;"One GP";21
"1179";0,397722033578635;100;4,24319362640381;0,0836589336395264;"GPFDA";21
"1180";0,478995531510651;100;9,51078271865845;0,105431318283081;"Algo";21
"1181";NA;NA;0;0,00142097473144531;"One GP";21
"1182";0,691954413755895;100;4,03548622131348;0,0847902297973633;"GPFDA";21
"1183";1,15268476774458;100;9,53977346420288;0,142643451690674;"Algo";21
"1184";NA;NA;0;0,00150108337402344;"One GP";21
"1185";1,9531110663223;100;5,20092439651489;0,128254890441895;"GPFDA";21
"1186";0,677197233902966;100;11,2739150524139;0,123006105422974;"Algo";21
"1187";NA;NA;0;0,00147533416748047;"One GP";21
"1188";0,625394779738314;100;2,92006230354309;0,082327127456665;"GPFDA";21
"1189";5,23247417502891;73,3333333333333;9,85778880119324;0,109506607055664;"Algo";21
"1190";NA;NA;0;0,00145125389099121;"One GP";21
"1191";7,19673030977336;100;6,05598640441895;0,082420825958252;"GPFDA";21
"1192";0,421261097055932;100;12,1383283138275;0,166210174560547;"Algo";21
"1193";NA;NA;0;0,00152587890625;"One GP";21
"1194";0,604853866846551;100;4,91327571868896;0,097226619720459;"GPFDA";21
"1195";0,150394116589417;100;11,1951043605804;0,106912612915039;"Algo";21
"1196";NA;NA;0;0,00143837928771973;"One GP";21
"1197";0,0969931416113375;100;4,60842108726501;0,101547241210938;"GPFDA";21
"1198";3,13926416892591;100;12,1146914958954;0,106536626815796;"Algo";21
"1199";NA;NA;0;0,00143170356750488;"One GP";21
"1200";9,32075247280457;100;4,31773018836975;0,0839591026306152;"GPFDA";21
